<?xml version="1.0" encoding="ISO-8859-1"?>
<metadata>
	<idinfo>
		<citation>
			<citeinfo>
				<origin>US Census Bureau</origin>
				<pubdate>2001</pubdate>
				<title Sync="TRUE">tracts00_census</title>
				<geoform Sync="TRUE">vector digital data</geoform>
				<onlink>http://www.census.gov</onlink>
				<ftname Sync="TRUE">tracts00_census</ftname></citeinfo>
		</citation>
		<descript>
			<abstract>This is a polygon feature class representing the boundaries 2000 Census tracts in the CAPCOG region.</abstract>
			<supplinf>Data obtained from the US Census Bureau via the Texas State Demographer's office and clipped to CAPCOG extent. Please see http://www.census.gov/geo/www/index.html for more information about Census 2000 geography files. This metadata was created by CAPCOG and is not the original metadata.</supplinf>
			<langdata Sync="TRUE">en</langdata></descript>
		<timeperd>
			<timeinfo>
				<sngdate>
					<caldate>2001</caldate>
				</sngdate>
			</timeinfo>
			<current>publication date</current>
		</timeperd>
		<status>
			<progress>Complete</progress>
			<update>Unknown</update>
		</status>
		<spdom>
			<bounding>
				<westbc Sync="TRUE">-98.982479</westbc>
				<eastbc Sync="TRUE">-96.528980</eastbc>
				<northbc Sync="TRUE">31.050346</northbc>
				<southbc Sync="TRUE">29.604882</southbc>
			</bounding>
			<lboundng><leftbc Sync="TRUE">2725740.003944</leftbc><rightbc Sync="TRUE">3488221.938277</rightbc><bottombc Sync="TRUE">9840112.654670</bottombc><topbc Sync="TRUE">10348383.728757</topbc></lboundng></spdom>
		<keywords>
			<theme>
				<themekey>census, tract, boundary</themekey>
			</theme>
		</keywords>
		<accconst>none</accconst>
		<useconst>
The geospatial and tabular data developed and/or distributed by the Capital Area Council of Governments (CAPCOG) is being made available to the general public under certain terms and conditions. As a condition to obtaining the data, the Licensee hereby agrees as follows:

1) No warranties of any kind, including warranties of suitability for any particular purpose, warranties of merchantability, warranties of accuracy, warranties of fitness for a particular purpose, or any warranty of any kind or nature whatsoever are made by CAPCOG with regard to the accuracy or completeness of the data.

2) As a specific condition to receiving the data, the Licensee agrees that CAPCOG shall not be liable for any damages, including any indirect, special, incidental, consequential, or damages of any other kind whatsoever, arising out of or connected in any way with the use, re-use modification, or re-publication of the data.

3) The Licensee shall indemnify and hold CAPCOG and their respective officials, employees, and agents harmless against any claim, suit, or cause of action, in any court or administrative proceeding, including attorney's fees and costs of court, arising out of or connected in any way to the use of the data.

4) CAPCOG specifically disclaims any and all liability arising out of or connected to the use of the data in combination with any other spatial data resulting in any overlay maps or other work product of any kind which might be subject to misinterpretation due to discrepancies in accuracy, scale, point(s) of origination, and/or direction.

5) CAPCOG also specifically disclaims any and all liability arising out of or connected to the use of data developed using historical, current, and/or predictive models.

I have read the provisions set forth above and as a condition of obtaining and using any data developed and/or distributed by CAPCOG, I specifically agree that the provisions contained herein are binding upon myself, individual, and upon any organization I may represent.
</useconst>
		<ptcontac>
			<cntinfo>
				<cntorgp>
					<cntorg>Capital Area Council of Governments (CAPCOG)</cntorg>
				</cntorgp>
				<cntvoice>(512) 916-6000</cntvoice>
				<cntfax>(512) 916-6001</cntfax>
				<cntemail>gis@capco.state.tx.us</cntemail>
				<hours>8am - 5pm</hours>
			</cntinfo>
		</ptcontac>
		<datacred>Data from US Census Bureau/Texas State Demographer's Office.</datacred>
		<native Sync="TRUE">Microsoft Windows 2000 Version 5.0 (Build 2195) Service Pack 4; ESRI ArcCatalog 9.0.0.535</native>
		<crossref>
			<citeinfo></citeinfo>
		</crossref>
		<natvform Sync="TRUE">Shapefile</natvform></idinfo>
	<dataqual>
		<attracc></attracc>
		<posacc>
			<horizpa></horizpa>
		</posacc>
		<lineage>
			<srcinfo>
				<srccite>
					<citeinfo><origin>US Census Bureau</origin><pubdate>2001</pubdate><title>2000 Census Tracts</title></citeinfo>
				</srccite>
				<srctime>
					<timeinfo>
						<sngdate>
						</sngdate>
					</timeinfo>
				</srctime>
			</srcinfo>
			<procstep>
				<procdesc>Dataset copied.  Dataset clipped from statewide extent to 10-county CAPCOG extent.</procdesc>
			</procstep>
			<procstep></procstep>
			<procstep><procdesc Sync="TRUE">Dataset copied.</procdesc><srcused Sync="TRUE"></srcused><procdate Sync="TRUE">20081222</procdate><proctime Sync="TRUE">10340700</proctime></procstep></lineage>
	</dataqual>
	<spdoinfo>
		<direct Sync="TRUE">Vector</direct>
		<ptvctinf>
			<sdtsterm Name="tracts00_census">
				<sdtstype Sync="TRUE">G-polygon</sdtstype>
				<ptvctcnt Sync="TRUE">283</ptvctcnt>
			</sdtsterm>
			<esriterm Name="tracts00_census"><efeatyp Sync="TRUE">Simple</efeatyp><efeageom Sync="TRUE">Polygon</efeageom><esritopo Sync="TRUE">FALSE</esritopo><efeacnt Sync="TRUE">283</efeacnt><spindex Sync="TRUE">FALSE</spindex><linrefer Sync="TRUE">FALSE</linrefer></esriterm></ptvctinf>
	</spdoinfo>
	<spref>
		<horizsys>
			<planar>
				<planci>
					<plance Sync="TRUE">coordinate pair</plance>
					<coordrep>
						<absres Sync="TRUE">0.002048</absres>
						<ordres Sync="TRUE">0.002048</ordres>
					</coordrep>
					<plandu Sync="TRUE">survey feet</plandu>
				</planci>
				<mapproj><mapprojn Sync="TRUE">Lambert Conformal Conic</mapprojn><lambertc><stdparll Sync="TRUE">30.116667</stdparll><stdparll Sync="TRUE">31.883333</stdparll><longcm Sync="TRUE">-100.333333</longcm><latprjo Sync="TRUE">29.666667</latprjo><feast Sync="TRUE">2296583.333333</feast><fnorth Sync="TRUE">9842500.000000</fnorth></lambertc></mapproj></planar>
			<geodetic>
				<horizdn Sync="TRUE">North American Datum of 1983</horizdn>
				<ellips Sync="TRUE">Geodetic Reference System 80</ellips>
				<semiaxis Sync="TRUE">6378137.000000</semiaxis>
				<denflat Sync="TRUE">298.257222</denflat>
			</geodetic>
			<cordsysn><geogcsn Sync="TRUE">GCS_North_American_1983</geogcsn><projcsn Sync="TRUE">NAD_1983_StatePlane_Texas_Central_FIPS_4203_Feet</projcsn></cordsysn></horizsys>
		<vertdef>
			<altsys>
				<altres>0.000010</altres>
				<altenc>Explicit elevation coordinate included with horizontal coordinates</altenc>
			</altsys>
		</vertdef>
	</spref>
	<eainfo>
		<detailed Name="tracts00_census">
			<enttyp>
				<enttypl Sync="TRUE">tracts00_census</enttypl>
				<enttypt Sync="TRUE">Feature Class</enttypt><enttypc Sync="TRUE">283</enttypc></enttyp>
			<attr>
				<attrlabl>FID</attrlabl>
				<attrdef>Internal feature number.</attrdef>
				<attrdefs>ESRI</attrdefs>
				<attrdomv>
					<udom>Sequential unique whole numbers that are automatically generated.</udom>
				</attrdomv>
			</attr>
			<attr>
				<attrlabl>Shape</attrlabl>
				<attrdef>Feature geometry.</attrdef>
				<attrdefs>ESRI</attrdefs>
				<attrdomv>
					<udom>Coordinates defining the features.</udom>
				</attrdomv>
			</attr>
			<attr>
				<attrlabl>FIPSSTCO</attrlabl>
				<attrdef>State and County FIPS code</attrdef>
				<attrtype Sync="TRUE">Number</attrtype><attwidth Sync="TRUE">8</attwidth></attr>
			<attr>
				<attrlabl>GIST_ID</attrlabl>
				<attrtype Sync="TRUE">String</attrtype><attwidth Sync="TRUE">5</attwidth></attr>
			<attr>
				<attrlabl>STFID</attrlabl>
				<attrdef>State, County, Tract, and Block ID (concatenated)</attrdef>
				<attrtype Sync="TRUE">String</attrtype><attwidth Sync="TRUE">6</attwidth></attr>
			<attr><attrlabl Sync="TRUE">TRT2000</attrlabl><attalias Sync="TRUE">TRT2000</attalias><attrtype Sync="TRUE">String</attrtype><attwidth Sync="TRUE">11</attwidth><attrdef>Tract Number</attrdef></attr><attr><attrlabl Sync="TRUE">TRACTID</attrlabl><attalias Sync="TRUE">TRACTID</attalias><attrtype Sync="TRUE">String</attrtype><attwidth Sync="TRUE">10</attwidth></attr></detailed>
		<overview></overview>
	</eainfo>
	<distinfo>
		<resdesc>Downloadable Data</resdesc>
		<stdorder>
			<digform>
				<digtinfo>
					<transize>0.003</transize>
					<dssize Sync="TRUE">1.500</dssize></digtinfo>
			</digform>
		</stdorder>
	</distinfo>
	<metainfo>
		<metd Sync="TRUE">20041101</metd>
		<metc>
			<cntinfo>
				<cntorgp>
					<cntorg>Capital Area Council of Governments (CAPCOG)</cntorg>
				</cntorgp>
				<cntaddr>
					<addrtype>mailing and physical address</addrtype>
					<address>2512 IH-35 S</address>
					<city>Austin</city>
					<state>TX</state>
					<postal>78704</postal>
				</cntaddr>
				<cntvoice>(512) 916-6000</cntvoice>
				<cntfax>(512)916-6001</cntfax>
				<hours>8am - 5pm</hours>
			</cntinfo>
		</metc>
		<metstdn Sync="TRUE">FGDC Content Standards for Digital Geospatial Metadata</metstdn>
		<metstdv Sync="TRUE">FGDC-STD-001-1998</metstdv>
		<mettc Sync="TRUE">local time</mettc>
		<metextns>
			<onlink>http://www.capcog.org</onlink>
			<metprof>ESRI Metadata Profile</metprof>
		</metextns>
		<metextns>
			<onlink>http://www.esri.com/metadata/esriprof80.html</onlink>
			<metprof>ESRI Metadata Profile</metprof>
		</metextns>
		<langmeta Sync="TRUE">en</langmeta><metextns><onlink Sync="TRUE">http://www.esri.com/metadata/esriprof80.html</onlink><metprof Sync="TRUE">ESRI Metadata Profile</metprof></metextns></metainfo>
	<Esri><CreaDate>20081222</CreaDate><CreaTime>10340700</CreaTime><SyncOnce>FALSE</SyncOnce><SyncDate>20041101</SyncDate><SyncTime>14512900</SyncTime><ModDate>20041101</ModDate><ModTime>14512900</ModTime><MetaID>{A8224918-FCFC-42D1-9310-E0DBA771937C}</MetaID><DataProperties><lineage><Process ToolSource="C:\Program Files\ArcGIS\ArcToolbox\Toolboxes\Data Management Tools.tbx\AddField" Date="20090115" Time="140019">AddField "c:\Documents and Settings\LSSCJG\TestGISProgramming101\Exercises\Data\Census_Tracts.shp" EditedBy TEXT 25 # # # NON_NULLABLE NON_REQUIRED # "c:\Documents and Settings\LSSCJG\TestGISProgramming101\Exercises\Data\Census_Tracts.shp"</Process><Process ToolSource="C:\Program Files\ArcGIS\ArcToolbox\Toolboxes\Data Management Tools.tbx\AddField" Date="20090115" Time="140851">AddField "c:\Documents and Settings\LSSCJG\TestGISProgramming101\Exercises\Data\Census_Tracts.shp" EditedBy TEXT 25 # # # NON_NULLABLE NON_REQUIRED # "c:\Documents and Settings\LSSCJG\TestGISProgramming101\Exercises\Data\Census_Tracts.shp"</Process><Process ToolSource="C:\Program Files\ArcGIS\ArcToolbox\Toolboxes\Data Management Tools.tbx\AddField" Date="20090115" Time="140901">AddField "c:\Documents and Settings\LSSCJG\TestGISProgramming101\Exercises\Data\Census_Tracts.shp" EditedBy TEXT 25 # # # NON_NULLABLE NON_REQUIRED # "c:\Documents and Settings\LSSCJG\TestGISProgramming101\Exercises\Data\Census_Tracts.shp"</Process><Process ToolSource="C:\Program Files (x86)\ArcGIS\Desktop10.0\ArcToolbox\Toolboxes\Data Management Tools.tbx\AddField" Date="20110407" Time="210047">AddField C:/GeoSpatialTraining/ArcGIS10/GISProgramming101/Exercises/Data\Census_Tracts.shp EditedBy TEXT 25 # # # NON_NULLABLE NON_REQUIRED #</Process><Process ToolSource="C:\Program Files (x86)\ArcGIS\Desktop10.0\ArcToolbox\Toolboxes\Data Management Tools.tbx\AddField" Date="20111018" Time="105554">AddField c:/GeoSpatialTraining/ArcGIS10/GISProgramming101/Exercises/Data\Census_Tracts.shp EditedBy TEXT 25 # # # NON_NULLABLE NON_REQUIRED #</Process></lineage></DataProperties></Esri><dataIdInfo><envirDesc Sync="TRUE">Microsoft Windows 2000 Version 5.0 (Build 2195) Service Pack 4; ESRI ArcCatalog 9.0.0.535</envirDesc><dataLang><languageCode Sync="TRUE" value="en"></languageCode></dataLang><idCitation><resTitle Sync="TRUE">tracts00_census</resTitle><presForm><PresFormCd Sync="TRUE" value="005"></PresFormCd></presForm></idCitation><spatRpType><SpatRepTypCd Sync="TRUE" value="001"></SpatRepTypCd></spatRpType><dataExt><geoEle><GeoBndBox esriExtentType="native"><westBL Sync="TRUE">2725740.003944</westBL><eastBL Sync="TRUE">3488221.938277</eastBL><northBL Sync="TRUE">10348383.728757</northBL><southBL Sync="TRUE">9840112.65467</southBL><exTypeCode Sync="TRUE">1</exTypeCode></GeoBndBox></geoEle></dataExt><geoBox esriExtentType="decdegrees"><westBL Sync="TRUE">-98.982479</westBL><eastBL Sync="TRUE">-96.52898</eastBL><northBL Sync="TRUE">31.050346</northBL><southBL Sync="TRUE">29.604882</southBL><exTypeCode Sync="TRUE">1</exTypeCode></geoBox></dataIdInfo><mdLang><languageCode Sync="TRUE" value="en"></languageCode></mdLang><mdStanName Sync="TRUE">ISO 19115 Geographic Information - Metadata</mdStanName><mdStanVer Sync="TRUE">DIS_ESRI1.0</mdStanVer><mdChar><CharSetCd Sync="TRUE" value="004"></CharSetCd></mdChar><mdHrLv><ScopeCd Sync="TRUE" value="005"></ScopeCd></mdHrLv><mdHrLvName Sync="TRUE">dataset</mdHrLvName><distInfo><distributor><distorTran><onLineSrc><orDesc Sync="TRUE">002</orDesc><linkage Sync="TRUE">file://</linkage><protocol Sync="TRUE">Local Area Network</protocol></onLineSrc><transSize Sync="TRUE">1.500</transSize></distorTran><distorFormat><formatName Sync="TRUE">Shapefile</formatName></distorFormat></distributor></distInfo><refSysInfo><RefSystem><refSysID><identCode Sync="TRUE">NAD_1983_StatePlane_Texas_Central_FIPS_4203_Feet</identCode></refSysID></RefSystem></refSysInfo><spatRepInfo><VectSpatRep><topLvl><TopoLevCd Sync="TRUE" value="001"></TopoLevCd></topLvl><geometObjs Name="tracts00_census"><geoObjTyp><GeoObjTypCd Sync="TRUE" value="001"></GeoObjTypCd></geoObjTyp><geoObjCnt Sync="TRUE">283</geoObjCnt></geometObjs></VectSpatRep></spatRepInfo><mdDateSt Sync="TRUE">20041101</mdDateSt></metadata>
