<?xml version="1.0"?>
<!--<!DOCTYPE metadata SYSTEM "http://www.esri.com/metadata/esriprof80.dtd">-->
<metadata xml:lang="en"><Esri><CreaDate>20081222</CreaDate><CreaTime>10333700</CreaTime><SyncOnce>FALSE</SyncOnce><SyncDate>20081118</SyncDate><SyncTime>11370500</SyncTime><ModDate>20081118</ModDate><ModTime>11370500</ModTime><DataProperties><lineage><Process ToolSource="C:\Program Files\ArcGIS\ArcToolbox\Toolboxes\Data Management Tools.tbx\Merge" Date="20081118" Time="113706">Merge 'H:\911 data\Bastrop\Bastrop Nov 08\bas_city_limits.shp';'H:\911 data\Blanco\Blanco Nov 08\map translations\bla_city_limits.shp';'H:\911 data\Burnet\Burnet Nov 08\bur_city_limits.shp';'H:\911 data\Caldwell\Caldwell May 08\new city limits\citylimits.shp';'H:\911 data\Fayette\Fayette Nov 08\fay_city_limits.shp';'H:\911 data\Hays\Hays Nov 08\hay_city_limits.shp';'H:\911 data\Lee\Lee Nov 08\lee_city_limits.shp';'H:\911 data\Llano\Llano Nov 08\lla_city_limits.shp';'H:\911 data\Travis\Travis Nov 08\tra_city_limits.shp';'H:\911 data\Williamson\Williamson Nov 08\V3\wil_city_limits.shp' "H:\911 data\CAPCOG\Regional Nov 2008\capcog_citylimits.shp" "CITY 'CITY' true true false 32 Text 0 0 ,First,#,H:\911 data\Bastrop\Bastrop Nov 08\bas_city_limits.shp,CITY,-1,-1,H:\911 data\Blanco\Blanco Nov 08\map translations\bla_city_limits.shp,CITY,-1,-1,H:\911 data\Burnet\Burnet Nov 08\bur_city_limits.shp,CITY,-1,-1,H:\911 data\Caldwell\Caldwell May 08\new city limits\citylimits.shp,CITY,-1,-1,H:\911 data\Fayette\Fayette Nov 08\fay_city_limits.shp,CITY,-1,-1,H:\911 data\Hays\Hays Nov 08\hay_city_limits.shp,CITY,-1,-1,H:\911 data\Lee\Lee Nov 08\lee_city_limits.shp,CITY,-1,-1,H:\911 data\Llano\Llano Nov 08\lla_city_limits.shp,CITY,-1,-1,H:\911 data\Travis\Travis Nov 08\tra_city_limits.shp,CITY,-1,-1,H:\911 data\Williamson\Williamson Nov 08\V3\wil_city_limits.shp,CITY,-1,-1;DLU 'DLU' true true false 8 Text 0 0 ,First,#,H:\911 data\Bastrop\Bastrop Nov 08\bas_city_limits.shp,DLU,-1,-1,H:\911 data\Blanco\Blanco Nov 08\map translations\bla_city_limits.shp,DLU,-1,-1,H:\911 data\Burnet\Burnet Nov 08\bur_city_limits.shp,DLU,-1,-1,H:\911 data\Fayette\Fayette Nov 08\fay_city_limits.shp,DLU,-1,-1,H:\911 data\Hays\Hays Nov 08\hay_city_limits.shp,DLU,-1,-1,H:\911 data\Lee\Lee Nov 08\lee_city_limits.shp,DLU,-1,-1,H:\911 data\Llano\Llano Nov 08\lla_city_limits.shp,DLU,-1,-1,H:\911 data\Travis\Travis Nov 08\tra_city_limits.shp,DLU,-1,-1,H:\911 data\Williamson\Williamson Nov 08\V3\wil_city_limits.shp,DLU,-1,-1;AREA 'AREA' true true false 18 Double 5 17 ,First,#,H:\911 data\Bastrop\Bastrop Nov 08\bas_city_limits.shp,AREA,-1,-1,H:\911 data\Burnet\Burnet Nov 08\bur_city_limits.shp,AREA,-1,-1,H:\911 data\Caldwell\Caldwell May 08\new city limits\citylimits.shp,AREA,-1,-1,H:\911 data\Llano\Llano Nov 08\lla_city_limits.shp,AREA,-1,-1;COUNTY 'COUNTY' true true false 50 Text 0 0 ,First,#,H:\911 data\Bastrop\Bastrop Nov 08\bas_city_limits.shp,COUNTY,-1,-1,H:\911 data\Blanco\Blanco Nov 08\map translations\bla_city_limits.shp,COUNTY,-1,-1,H:\911 data\Burnet\Burnet Nov 08\bur_city_limits.shp,COUNTY,-1,-1,H:\911 data\Caldwell\Caldwell May 08\new city limits\citylimits.shp,COUNTY,-1,-1,H:\911 data\Fayette\Fayette Nov 08\fay_city_limits.shp,COUNTY,-1,-1,H:\911 data\Hays\Hays Nov 08\hay_city_limits.shp,COUNTY,-1,-1,H:\911 data\Lee\Lee Nov 08\lee_city_limits.shp,COUNTY,-1,-1,H:\911 data\Llano\Llano Nov 08\lla_city_limits.shp,COUNTY,-1,-1,H:\911 data\Travis\Travis Nov 08\tra_city_limits.shp,COUNTY,-1,-1,H:\911 data\Williamson\Williamson Nov 08\V3\wil_city_limits.shp,COUNTY,-1,-1"</Process><Process ToolSource="C:\Program Files\ArcGIS\ArcToolbox\Toolboxes\Data Management Tools.tbx\AddField" Date="20090115" Time="140019">AddField "c:\Documents and Settings\LSSCJG\TestGISProgramming101\Exercises\Data\City_Limits.shp" EditedBy TEXT 25 # # # NON_NULLABLE NON_REQUIRED # "c:\Documents and Settings\LSSCJG\TestGISProgramming101\Exercises\Data\City_Limits.shp"</Process><Process ToolSource="C:\Program Files\ArcGIS\ArcToolbox\Toolboxes\Data Management Tools.tbx\AddField" Date="20090115" Time="140851">AddField "c:\Documents and Settings\LSSCJG\TestGISProgramming101\Exercises\Data\City_Limits.shp" EditedBy TEXT 25 # # # NON_NULLABLE NON_REQUIRED # "c:\Documents and Settings\LSSCJG\TestGISProgramming101\Exercises\Data\City_Limits.shp"</Process><Process ToolSource="C:\Program Files\ArcGIS\ArcToolbox\Toolboxes\Data Management Tools.tbx\AddField" Date="20090115" Time="140901">AddField "c:\Documents and Settings\LSSCJG\TestGISProgramming101\Exercises\Data\City_Limits.shp" EditedBy TEXT 25 # # # NON_NULLABLE NON_REQUIRED # "c:\Documents and Settings\LSSCJG\TestGISProgramming101\Exercises\Data\City_Limits.shp"</Process><Process ToolSource="C:\Program Files (x86)\ArcGIS\Desktop10.0\ArcToolbox\Toolboxes\Data Management Tools.tbx\AddField" Date="20110407" Time="210047">AddField C:/GeoSpatialTraining/ArcGIS10/GISProgramming101/Exercises/Data\City_Limits.shp EditedBy TEXT 25 # # # NON_NULLABLE NON_REQUIRED #</Process><Process ToolSource="C:\Program Files (x86)\ArcGIS\Desktop10.0\ArcToolbox\Toolboxes\Data Management Tools.tbx\AddField" Date="20111018" Time="105554">AddField c:/GeoSpatialTraining/ArcGIS10/GISProgramming101/Exercises/Data\City_Limits.shp EditedBy TEXT 25 # # # NON_NULLABLE NON_REQUIRED #</Process></lineage></DataProperties><MetaID>{63E63B62-3FC6-4D91-AC3B-413EBF7F5F19}</MetaID></Esri><idinfo><native Sync="TRUE">Microsoft Windows XP Version 5.1 (Build 2600) Service Pack 3; ESRI ArcCatalog 9.3.0.1770</native><descript><langdata Sync="TRUE">en</langdata><abstract>City limits for Bastrop, Elgin and Smithville</abstract></descript><citation><citeinfo><origin>REQUIRED: The name of an organization or individual that developed the data set.</origin><pubdate>REQUIRED: The date when the data set is published or otherwise made available for release.</pubdate><title Sync="TRUE">capcog_citylimits</title><ftname Sync="TRUE">capcog_citylimits</ftname><geoform Sync="TRUE">vector digital data</geoform><onlink Sync="TRUE"></onlink></citeinfo></citation><timeperd><current>REQUIRED: The basis on which the time period of content information is determined.</current><timeinfo><sngdate><caldate>REQUIRED: The year (and optionally month, or month and day) for which the data set corresponds to the ground.</caldate></sngdate></timeinfo></timeperd><status><progress>In work</progress><update>As needed</update></status><spdom><bounding><westbc Sync="TRUE">-97.438423</westbc><eastbc Sync="TRUE">-97.111885</eastbc><northbc Sync="TRUE">30.378772</northbc><southbc Sync="TRUE">29.991047</southbc></bounding><lboundng><leftbc Sync="TRUE">3212923.456919</leftbc><rightbc Sync="TRUE">3312332.000000</rightbc><bottombc Sync="TRUE">9975132.000000</bottombc><topbc Sync="TRUE">10113464.987762</topbc></lboundng></spdom><keywords><theme><themekt>REQUIRED: Reference to a formally registered thesaurus or a similar authoritative source of theme keywords.</themekt><themekey>REQUIRED: Common-use word or phrase used to describe the subject of the data set.</themekey></theme></keywords><accconst>REQUIRED: Restrictions and legal prerequisites for accessing the data set.</accconst><useconst>REQUIRED: Restrictions and legal prerequisites for using the data set after access is granted.</useconst><natvform Sync="TRUE">Shapefile</natvform><ptcontac><cntinfo><cntorgp><cntorg>Bastrop County</cntorg><cntper>Julie Sommerfeld</cntper></cntorgp><cntpos>GIS Coordinator</cntpos><cntvoice>(512) 581-4242</cntvoice><cntfax>(512) 581-4241</cntfax><cntemail>julie.sommerfeld@co.bastrop.tx.us</cntemail><hours>8 am - 5 pm,  M-F</hours></cntinfo></ptcontac></idinfo><dataIdInfo><envirDesc Sync="TRUE">Microsoft Windows XP Version 5.1 (Build 2600) Service Pack 3; ESRI ArcCatalog 9.3.0.1770</envirDesc><dataLang><languageCode Sync="TRUE" value="en"></languageCode></dataLang><idCitation><resTitle Sync="TRUE">capcog_citylimits</resTitle><presForm><PresFormCd Sync="TRUE" value="005"></PresFormCd></presForm></idCitation><spatRpType><SpatRepTypCd Sync="TRUE" value="001"></SpatRepTypCd></spatRpType><dataExt><geoEle><GeoBndBox esriExtentType="native"><westBL Sync="TRUE">3212923.456919</westBL><eastBL Sync="TRUE">3312332</eastBL><northBL Sync="TRUE">10113464.987762</northBL><southBL Sync="TRUE">9975132</southBL><exTypeCode Sync="TRUE">1</exTypeCode></GeoBndBox></geoEle></dataExt><geoBox esriExtentType="decdegrees"><westBL Sync="TRUE">-97.438423</westBL><eastBL Sync="TRUE">-97.111885</eastBL><northBL Sync="TRUE">30.378772</northBL><southBL Sync="TRUE">29.991047</southBL><exTypeCode Sync="TRUE">1</exTypeCode></geoBox></dataIdInfo><metainfo><langmeta Sync="TRUE">en</langmeta><metstdn Sync="TRUE">FGDC Content Standards for Digital Geospatial Metadata</metstdn><metstdv Sync="TRUE">FGDC-STD-001-1998</metstdv><mettc Sync="TRUE">local time</mettc><metc><cntinfo><cntorgp><cntper>REQUIRED: The person responsible for the metadata information.</cntper><cntorg>REQUIRED: The organization responsible for the metadata information.</cntorg></cntorgp><cntaddr><addrtype>REQUIRED: The mailing and/or physical address for the organization or individual.</addrtype><city>REQUIRED: The city of the address.</city><state>REQUIRED: The state or province of the address.</state><postal>REQUIRED: The ZIP or other postal code of the address.</postal></cntaddr><cntvoice>REQUIRED: The telephone number by which individuals can speak to the organization or individual.</cntvoice></cntinfo></metc><metd Sync="TRUE">20081118</metd><metextns><onlink Sync="TRUE">http://www.esri.com/metadata/esriprof80.html</onlink><metprof Sync="TRUE">ESRI Metadata Profile</metprof></metextns></metainfo><mdLang><languageCode Sync="TRUE" value="en"></languageCode></mdLang><mdStanName Sync="TRUE">ISO 19115 Geographic Information - Metadata</mdStanName><mdStanVer Sync="TRUE">DIS_ESRI1.0</mdStanVer><mdChar><CharSetCd Sync="TRUE" value="004"></CharSetCd></mdChar><mdHrLv><ScopeCd Sync="TRUE" value="005"></ScopeCd></mdHrLv><mdHrLvName Sync="TRUE">dataset</mdHrLvName><distinfo><resdesc Sync="TRUE">Downloadable Data</resdesc><stdorder><digform><digtinfo><transize Sync="TRUE">0.000</transize><dssize Sync="TRUE">0.000</dssize></digtinfo></digform></stdorder></distinfo><distInfo><distributor><distorTran><onLineSrc><orDesc Sync="TRUE">002</orDesc><linkage Sync="TRUE">file://</linkage><protocol Sync="TRUE">Local Area Network</protocol></onLineSrc><transSize Sync="TRUE">0.000</transSize></distorTran><distorFormat><formatName Sync="TRUE">Shapefile</formatName></distorFormat></distributor></distInfo><spdoinfo><direct Sync="TRUE">Vector</direct><ptvctinf><esriterm Name="capcog_citylimits"><efeatyp Sync="TRUE">Simple</efeatyp><efeageom Sync="TRUE">Polygon</efeageom><esritopo Sync="TRUE">FALSE</esritopo><efeacnt Sync="TRUE">0</efeacnt><spindex Sync="TRUE">FALSE</spindex><linrefer Sync="TRUE">FALSE</linrefer></esriterm><sdtsterm Name="capcog_citylimits"><sdtstype Sync="TRUE">G-polygon</sdtstype><ptvctcnt Sync="TRUE">0</ptvctcnt></sdtsterm></ptvctinf></spdoinfo><spref><horizsys><cordsysn><geogcsn Sync="TRUE">GCS_North_American_1983</geogcsn><projcsn Sync="TRUE">NAD_1983_StatePlane_Texas_Central_FIPS_4203_Feet</projcsn></cordsysn><planar><planci><plance Sync="TRUE">coordinate pair</plance><plandu Sync="TRUE">survey feet</plandu><coordrep><absres Sync="TRUE">0.000000</absres><ordres Sync="TRUE">0.000000</ordres></coordrep></planci><mapproj><mapprojn Sync="TRUE">Lambert Conformal Conic</mapprojn><lambertc><stdparll Sync="TRUE">30.116667</stdparll><stdparll Sync="TRUE">31.883333</stdparll><longcm Sync="TRUE">-100.333333</longcm><latprjo Sync="TRUE">29.666667</latprjo><feast Sync="TRUE">2296583.333333</feast><fnorth Sync="TRUE">9842500.000000</fnorth></lambertc></mapproj></planar><geodetic><horizdn Sync="TRUE">North American Datum of 1983</horizdn><ellips Sync="TRUE">Geodetic Reference System 80</ellips><semiaxis Sync="TRUE">6378137.000000</semiaxis><denflat Sync="TRUE">298.257222</denflat></geodetic></horizsys></spref><refSysInfo><RefSystem><refSysID><identCode Sync="TRUE">NAD_1983_StatePlane_Texas_Central_FIPS_4203_Feet</identCode></refSysID></RefSystem></refSysInfo><spatRepInfo><VectSpatRep><topLvl><TopoLevCd Sync="TRUE" value="001"></TopoLevCd></topLvl><geometObjs Name="capcog_citylimits"><geoObjTyp><GeoObjTypCd Sync="TRUE" value="001"></GeoObjTypCd></geoObjTyp><geoObjCnt Sync="TRUE">0</geoObjCnt></geometObjs></VectSpatRep></spatRepInfo><eainfo><detailed Name="capcog_citylimits"><enttyp><enttypl Sync="TRUE">capcog_citylimits</enttypl><enttypt Sync="TRUE">Feature Class</enttypt><enttypc Sync="TRUE">0</enttypc></enttyp><attr><attrlabl Sync="TRUE">FID</attrlabl><attalias Sync="TRUE">FID</attalias><attrtype Sync="TRUE">OID</attrtype><attwidth Sync="TRUE">4</attwidth><atprecis Sync="TRUE">0</atprecis><attscale Sync="TRUE">0</attscale><attrdef Sync="TRUE">Internal feature number.</attrdef><attrdefs Sync="TRUE">ESRI</attrdefs><attrdomv><udom Sync="TRUE">Sequential unique whole numbers that are automatically generated.</udom></attrdomv></attr><attr><attrlabl Sync="TRUE">Shape</attrlabl><attalias Sync="TRUE">Shape</attalias><attrtype Sync="TRUE">Geometry</attrtype><attwidth Sync="TRUE">0</attwidth><atprecis Sync="TRUE">0</atprecis><attscale Sync="TRUE">0</attscale><attrdef Sync="TRUE">Feature geometry.</attrdef><attrdefs Sync="TRUE">ESRI</attrdefs><attrdomv><udom Sync="TRUE">Coordinates defining the features.</udom></attrdomv></attr><attr><attrlabl Sync="TRUE">CITY</attrlabl><attalias Sync="TRUE">CITY</attalias><attrtype Sync="TRUE">String</attrtype><attwidth Sync="TRUE">32</attwidth></attr><attr><attrlabl Sync="TRUE">DLU</attrlabl><attalias Sync="TRUE">DLU</attalias><attrtype Sync="TRUE">String</attrtype><attwidth Sync="TRUE">8</attwidth></attr><attr><attrlabl Sync="TRUE">AREA</attrlabl><attalias Sync="TRUE">AREA</attalias><attrtype Sync="TRUE">Number</attrtype><attwidth Sync="TRUE">18</attwidth><atnumdec Sync="TRUE">5</atnumdec></attr><attr><attrlabl Sync="TRUE">COUNTY</attrlabl><attalias Sync="TRUE">COUNTY</attalias><attrtype Sync="TRUE">String</attrtype><attwidth Sync="TRUE">50</attwidth></attr></detailed></eainfo><mdDateSt Sync="TRUE">20081118</mdDateSt><dataqual><lineage><procstep><procdesc Sync="TRUE">Dataset copied.</procdesc><srcused Sync="TRUE"></srcused><procdate Sync="TRUE">20081222</procdate><proctime Sync="TRUE">10333700</proctime></procstep></lineage></dataqual></metadata>
