<?xml version="1.0"?>
<!--<!DOCTYPE metadata SYSTEM "http://www.esri.com/metadata/esriprof80.dtd">-->
<metadata xml:lang="en"><Esri><CreaDate>20081222</CreaDate><CreaTime>14222500</CreaTime><SyncOnce>FALSE</SyncOnce><SyncDate>20080506</SyncDate><SyncTime>12303000</SyncTime><ModDate>20080506</ModDate><ModTime>12303000</ModTime><DataProperties><lineage><Process Name="FeatureClassToFeatureClass_3" ToolSource="C:\Program Files\ArcGIS\ArcToolbox\Toolboxes\Conversion Tools.tbx\FeatureClassToFeatureClass" Date="20070725" Time="133522">FeatureClassToFeatureClass C:\ArcIMS\DATA\schools.shp "Database Connections\SDE - ctmgissdep.sde\SDE.Schools" schools # "OBJECTID_1 OBJECTID_1 true false false 10 Double 0 10 ,First,#,C:\ArcIMS\DATA\schools.shp,OBJECTID_1,-1,-1;OBJECTID OBJECTID true false false 9 Long 0 9 ,First,#,C:\ArcIMS\DATA\schools.shp,OBJECTID,-1,-1;NAME NAME true false false 27 Text 0 0 ,First,#,C:\ArcIMS\DATA\schools.shp,NAME,-1,-1;ADDRESS ADDRESS true false false 28 Text 0 0 ,First,#,C:\ArcIMS\DATA\schools.shp,ADDRESS,-1,-1;FACILITY FACILITY true false false 17 Text 0 0 ,First,#,C:\ArcIMS\DATA\schools.shp,FACILITY,-1,-1;DISTRICT DISTRICT true false false 16 Text 0 0 ,First,#,C:\ArcIMS\DATA\schools.shp,DISTRICT,-1,-1;VERIFIED VERIFIED true false false 2 Text 0 0 ,First,#,C:\ArcIMS\DATA\schools.shp,VERIFIED,-1,-1" # "Database Connections\SDE - ctmgissdep.sde\SDE.Schools\SDE.schools"</Process><Process Name="FeatureClassToFeatureClass_1" ToolSource="C:\Program Files\ArcGIS\ArcToolbox\Toolboxes\Conversion Tools.tbx\FeatureClassToFeatureClass" Date="20070829" Time="101051">FeatureClassToFeatureClass "Database Connections\Connection to ctmgissdep.sde\SDE.Schools\SDE.schools" "Database Connections\GIS_UPDATE.sde\REGIONAL_ADMIN.schools" schools # "OBJECTID_1 OBJECTID_1 true true false 8 Double 0 10 ,First,#,Database Connections\Connection to ctmgissdep.sde\SDE.Schools\SDE.schools,OBJECTID_1,-1,-1;OBJECTID OBJECTID true true false 4 Long 0 9 ,First,#,Database Connections\Connection to ctmgissdep.sde\SDE.Schools\SDE.schools,OBJECTID,-1,-1;NAME NAME true true false 27 Text 0 0 ,First,#,Database Connections\Connection to ctmgissdep.sde\SDE.Schools\SDE.schools,NAME,-1,-1;ADDRESS ADDRESS true true false 28 Text 0 0 ,First,#,Database Connections\Connection to ctmgissdep.sde\SDE.Schools\SDE.schools,ADDRESS,-1,-1;FACILITY FACILITY true true false 17 Text 0 0 ,First,#,Database Connections\Connection to ctmgissdep.sde\SDE.Schools\SDE.schools,FACILITY,-1,-1;DISTRICT DISTRICT true true false 16 Text 0 0 ,First,#,Database Connections\Connection to ctmgissdep.sde\SDE.Schools\SDE.schools,DISTRICT,-1,-1;VERIFIED VERIFIED true true false 2 Text 0 0 ,First,#,Database Connections\Connection to ctmgissdep.sde\SDE.Schools\SDE.schools,VERIFIED,-1,-1" # "Database Connections\GIS_UPDATE.sde\REGIONAL_ADMIN.schools\REGIONAL_ADMIN.schools"</Process><Process Name="FeatureClassToFeatureClass_13" ToolSource="C:\Program Files\ArcGIS\ArcToolbox\Toolboxes\Conversion Tools.tbx\FeatureClassToFeatureClass" Date="20080506" Time="123032">FeatureClassToFeatureClass "Database Connections\Connection to RegionalMapping Maint.sde\REGIONAL_ADMIN.schools\REGIONAL_ADMIN.schools" "Database Connections\Connection to CTMGISSDEP as SDE.sde\SDE.Schools" schools_temp # "OBJECTID_1 OBJECTID_1 true true false 8 Double 0 10 ,First,#,Database Connections\Connection to RegionalMapping Maint.sde\REGIONAL_ADMIN.schools\REGIONAL_ADMIN.schools,OBJECTID_1,-1,-1;OBJECTID OBJECTID true true false 4 Long 0 9 ,First,#,Database Connections\Connection to RegionalMapping Maint.sde\REGIONAL_ADMIN.schools\REGIONAL_ADMIN.schools,OBJECTID,-1,-1;NAME NAME true true false 27 Text 0 0 ,First,#,Database Connections\Connection to RegionalMapping Maint.sde\REGIONAL_ADMIN.schools\REGIONAL_ADMIN.schools,NAME,-1,-1;ADDRESS ADDRESS true true false 28 Text 0 0 ,First,#,Database Connections\Connection to RegionalMapping Maint.sde\REGIONAL_ADMIN.schools\REGIONAL_ADMIN.schools,ADDRESS,-1,-1;FACILITY FACILITY true true false 17 Text 0 0 ,First,#,Database Connections\Connection to RegionalMapping Maint.sde\REGIONAL_ADMIN.schools\REGIONAL_ADMIN.schools,FACILITY,-1,-1;DISTRICT DISTRICT true true false 16 Text 0 0 ,First,#,Database Connections\Connection to RegionalMapping Maint.sde\REGIONAL_ADMIN.schools\REGIONAL_ADMIN.schools,DISTRICT,-1,-1;VERIFIED VERIFIED true true false 2 Text 0 0 ,First,#,Database Connections\Connection to RegionalMapping Maint.sde\REGIONAL_ADMIN.schools\REGIONAL_ADMIN.schools,VERIFIED,-1,-1" # "Database Connections\Connection to CTMGISSDEP as SDE.sde\SDE.Schools\SDE.schools_temp"</Process><Process Name="Delete Features" ToolSource="C:\Program Files\ArcGIS\ArcToolbox\Toolboxes\Data Management Tools.tbx\DeleteFeatures" Date="20080721" Time="083405">DeleteFeatures "Database Connections\Connection to CTMGISSDEP as SDE.sde\SDE.Schools\SDE.schools" "Database Connections\Connection to CTMGISSDEP as SDE.sde\SDE.Schools\SDE.schools"</Process><Process Name="Append (2)" ToolSource="C:\Program Files\ArcGIS\ArcToolbox\Toolboxes\Data Management Tools.tbx\Append" Date="20080721" Time="083416">Append 'Database Connections\Connection to RegionalMapping Maint.sde\REGIONAL_ADMIN.Schools\REGIONAL_ADMIN.schools' "Database Connections\Connection to CTMGISSDEP as SDE.sde\SDE.Schools\SDE.schools" NO_TEST "OBJECTID_1 OBJECTID_1 true true false 8 Double 0 10 ,First,#,Database Connections\Connection to RegionalMapping Maint.sde\REGIONAL_ADMIN.Schools\REGIONAL_ADMIN.schools,OBJECTID_1,-1,-1;OBJECTID OBJECTID true true false 4 Long 0 9 ,First,#,Database Connections\Connection to RegionalMapping Maint.sde\REGIONAL_ADMIN.Schools\REGIONAL_ADMIN.schools,OBJECTID,-1,-1;NAME NAME true true false 27 Text 0 0 ,First,#,Database Connections\Connection to RegionalMapping Maint.sde\REGIONAL_ADMIN.Schools\REGIONAL_ADMIN.schools,NAME,-1,-1;ADDRESS ADDRESS true true false 28 Text 0 0 ,First,#,Database Connections\Connection to RegionalMapping Maint.sde\REGIONAL_ADMIN.Schools\REGIONAL_ADMIN.schools,ADDRESS,-1,-1;FACILITY FACILITY true true false 17 Text 0 0 ,First,#,Database Connections\Connection to RegionalMapping Maint.sde\REGIONAL_ADMIN.Schools\REGIONAL_ADMIN.schools,FACILITY,-1,-1;DISTRICT DISTRICT true true false 16 Text 0 0 ,First,#,Database Connections\Connection to RegionalMapping Maint.sde\REGIONAL_ADMIN.Schools\REGIONAL_ADMIN.schools,DISTRICT,-1,-1;VERIFIED VERIFIED true true false 2 Text 0 0 ,First,#,Database Connections\Connection to RegionalMapping Maint.sde\REGIONAL_ADMIN.Schools\REGIONAL_ADMIN.schools,VERIFIED,-1,-1" "Database Connections\Connection to CTMGISSDEP as SDE.sde\SDE.Schools\SDE.schools"</Process><Process Name="Delete Features" ToolSource="C:\Program Files\ArcGIS\ArcToolbox\Toolboxes\Data Management Tools.tbx\DeleteFeatures" Date="20080723" Time="151514">DeleteFeatures "Database Connections\Connection to CTMGISSDEP as SDE.sde\SDE.Schools\SDE.schools" "Database Connections\Connection to CTMGISSDEP as SDE.sde\SDE.Schools\SDE.schools"</Process><Process Name="Append (2)" ToolSource="C:\Program Files\ArcGIS\ArcToolbox\Toolboxes\Data Management Tools.tbx\Append" Date="20080723" Time="151530">Append 'Database Connections\Connection to RegionalMapping Maint.sde\REGIONAL_ADMIN.Schools\REGIONAL_ADMIN.schools' "Database Connections\Connection to CTMGISSDEP as SDE.sde\SDE.Schools\SDE.schools" NO_TEST "OBJECTID_1 OBJECTID_1 true true false 8 Double 0 10 ,First,#,Database Connections\Connection to RegionalMapping Maint.sde\REGIONAL_ADMIN.Schools\REGIONAL_ADMIN.schools,OBJECTID_1,-1,-1;OBJECTID OBJECTID true true false 4 Long 0 9 ,First,#,Database Connections\Connection to RegionalMapping Maint.sde\REGIONAL_ADMIN.Schools\REGIONAL_ADMIN.schools,OBJECTID,-1,-1;NAME NAME true true false 27 Text 0 0 ,First,#,Database Connections\Connection to RegionalMapping Maint.sde\REGIONAL_ADMIN.Schools\REGIONAL_ADMIN.schools,NAME,-1,-1;ADDRESS ADDRESS true true false 28 Text 0 0 ,First,#,Database Connections\Connection to RegionalMapping Maint.sde\REGIONAL_ADMIN.Schools\REGIONAL_ADMIN.schools,ADDRESS,-1,-1;FACILITY FACILITY true true false 17 Text 0 0 ,First,#,Database Connections\Connection to RegionalMapping Maint.sde\REGIONAL_ADMIN.Schools\REGIONAL_ADMIN.schools,FACILITY,-1,-1;DISTRICT DISTRICT true true false 16 Text 0 0 ,First,#,Database Connections\Connection to RegionalMapping Maint.sde\REGIONAL_ADMIN.Schools\REGIONAL_ADMIN.schools,DISTRICT,-1,-1;VERIFIED VERIFIED true true false 2 Text 0 0 ,First,#,Database Connections\Connection to RegionalMapping Maint.sde\REGIONAL_ADMIN.Schools\REGIONAL_ADMIN.schools,VERIFIED,-1,-1" "Database Connections\Connection to CTMGISSDEP as SDE.sde\SDE.Schools\SDE.schools"</Process><Process Name="Delete Features" ToolSource="C:\Program Files\ArcGIS\ArcToolbox\Toolboxes\Data Management Tools.tbx\DeleteFeatures" Date="20080723" Time="175154">DeleteFeatures "Database Connections\Connection to CTMGISSDEP as SDE.sde\SDE.Schools\SDE.schools" "Database Connections\Connection to CTMGISSDEP as SDE.sde\SDE.Schools\SDE.schools"</Process><Process Name="Append (2)" ToolSource="C:\Program Files\ArcGIS\ArcToolbox\Toolboxes\Data Management Tools.tbx\Append" Date="20080723" Time="175200">Append 'Database Connections\Connection to RegionalMapping Maint.sde\REGIONAL_ADMIN.Schools\REGIONAL_ADMIN.schools' "Database Connections\Connection to CTMGISSDEP as SDE.sde\SDE.Schools\SDE.schools" NO_TEST "OBJECTID_1 OBJECTID_1 true true false 8 Double 0 10 ,First,#,Database Connections\Connection to RegionalMapping Maint.sde\REGIONAL_ADMIN.Schools\REGIONAL_ADMIN.schools,OBJECTID_1,-1,-1;OBJECTID OBJECTID true true false 4 Long 0 9 ,First,#,Database Connections\Connection to RegionalMapping Maint.sde\REGIONAL_ADMIN.Schools\REGIONAL_ADMIN.schools,OBJECTID,-1,-1;NAME NAME true true false 27 Text 0 0 ,First,#,Database Connections\Connection to RegionalMapping Maint.sde\REGIONAL_ADMIN.Schools\REGIONAL_ADMIN.schools,NAME,-1,-1;ADDRESS ADDRESS true true false 28 Text 0 0 ,First,#,Database Connections\Connection to RegionalMapping Maint.sde\REGIONAL_ADMIN.Schools\REGIONAL_ADMIN.schools,ADDRESS,-1,-1;FACILITY FACILITY true true false 17 Text 0 0 ,First,#,Database Connections\Connection to RegionalMapping Maint.sde\REGIONAL_ADMIN.Schools\REGIONAL_ADMIN.schools,FACILITY,-1,-1;DISTRICT DISTRICT true true false 16 Text 0 0 ,First,#,Database Connections\Connection to RegionalMapping Maint.sde\REGIONAL_ADMIN.Schools\REGIONAL_ADMIN.schools,DISTRICT,-1,-1;VERIFIED VERIFIED true true false 2 Text 0 0 ,First,#,Database Connections\Connection to RegionalMapping Maint.sde\REGIONAL_ADMIN.Schools\REGIONAL_ADMIN.schools,VERIFIED,-1,-1" "Database Connections\Connection to CTMGISSDEP as SDE.sde\SDE.Schools\SDE.schools"</Process><Process Name="Delete Features" ToolSource="C:\Program Files\ArcGIS\ArcToolbox\Toolboxes\Data Management Tools.tbx\DeleteFeatures" Date="20080728" Time="184055">DeleteFeatures "Database Connections\Connection to CTMGISSDEP as SDE.sde\SDE.Schools\SDE.schools" "Database Connections\Connection to CTMGISSDEP as SDE.sde\SDE.Schools\SDE.schools"</Process><Process Name="Append (2)" ToolSource="C:\Program Files\ArcGIS\ArcToolbox\Toolboxes\Data Management Tools.tbx\Append" Date="20080728" Time="184104">Append 'Database Connections\Connection to RegionalMapping Maint.sde\REGIONAL_ADMIN.Schools\REGIONAL_ADMIN.schools' "Database Connections\Connection to CTMGISSDEP as SDE.sde\SDE.Schools\SDE.schools" NO_TEST "OBJECTID_1 OBJECTID_1 true true false 8 Double 0 10 ,First,#,Database Connections\Connection to RegionalMapping Maint.sde\REGIONAL_ADMIN.Schools\REGIONAL_ADMIN.schools,OBJECTID_1,-1,-1;OBJECTID OBJECTID true true false 4 Long 0 9 ,First,#,Database Connections\Connection to RegionalMapping Maint.sde\REGIONAL_ADMIN.Schools\REGIONAL_ADMIN.schools,OBJECTID,-1,-1;NAME NAME true true false 27 Text 0 0 ,First,#,Database Connections\Connection to RegionalMapping Maint.sde\REGIONAL_ADMIN.Schools\REGIONAL_ADMIN.schools,NAME,-1,-1;ADDRESS ADDRESS true true false 28 Text 0 0 ,First,#,Database Connections\Connection to RegionalMapping Maint.sde\REGIONAL_ADMIN.Schools\REGIONAL_ADMIN.schools,ADDRESS,-1,-1;FACILITY FACILITY true true false 17 Text 0 0 ,First,#,Database Connections\Connection to RegionalMapping Maint.sde\REGIONAL_ADMIN.Schools\REGIONAL_ADMIN.schools,FACILITY,-1,-1;DISTRICT DISTRICT true true false 16 Text 0 0 ,First,#,Database Connections\Connection to RegionalMapping Maint.sde\REGIONAL_ADMIN.Schools\REGIONAL_ADMIN.schools,DISTRICT,-1,-1;VERIFIED VERIFIED true true false 2 Text 0 0 ,First,#,Database Connections\Connection to RegionalMapping Maint.sde\REGIONAL_ADMIN.Schools\REGIONAL_ADMIN.schools,VERIFIED,-1,-1" "Database Connections\Connection to CTMGISSDEP as SDE.sde\SDE.Schools\SDE.schools"</Process></lineage></DataProperties><MetaID>{56D9338B-C629-42DD-BBB8-F82BCA6ACDD6}</MetaID></Esri><idinfo><native Sync="TRUE">Microsoft Windows XP Version 5.1 (Build 2600) Service Pack 2; ESRI ArcCatalog 9.2.5.1450</native><descript><langdata Sync="TRUE">en</langdata><abstract>REQUIRED: A brief narrative summary of the data set.</abstract><purpose>REQUIRED: A summary of the intentions with which the data set was developed.</purpose></descript><citation><citeinfo><origin>REQUIRED: The name of an organization or individual that developed the data set.</origin><pubdate>REQUIRED: The date when the data set is published or otherwise made available for release.</pubdate><title Sync="TRUE">SDE.schools_temp</title><ftname Sync="TRUE">SDE.schools_temp</ftname><geoform Sync="TRUE">vector digital data</geoform><onlink Sync="TRUE"></onlink></citeinfo></citation><timeperd><current>REQUIRED: The basis on which the time period of content information is determined.</current><timeinfo><sngdate><caldate>REQUIRED: The year (and optionally month, or month and day) for which the data set corresponds to the ground.</caldate></sngdate></timeinfo></timeperd><status><progress>REQUIRED: The state of the data set.</progress><update>REQUIRED: The frequency with which changes and additions are made to the data set after the initial data set is completed.</update></status><spdom><bounding><westbc Sync="TRUE">REQUIRED: Western-most coordinate of the limit of coverage expressed in longitude.</westbc><eastbc Sync="TRUE">REQUIRED: Eastern-most coordinate of the limit of coverage expressed in longitude.</eastbc><northbc Sync="TRUE">REQUIRED: Northern-most coordinate of the limit of coverage expressed in latitude.</northbc><southbc Sync="TRUE">REQUIRED: Southern-most coordinate of the limit of coverage expressed in latitude.</southbc></bounding></spdom><keywords><theme><themekt>REQUIRED: Reference to a formally registered thesaurus or a similar authoritative source of theme keywords.</themekt><themekey>REQUIRED: Common-use word or phrase used to describe the subject of the data set.</themekey></theme></keywords><accconst>REQUIRED: Restrictions and legal prerequisites for accessing the data set.</accconst><useconst>REQUIRED: Restrictions and legal prerequisites for using the data set after access is granted.</useconst><natvform Sync="TRUE">SDE Feature Class</natvform></idinfo><dataIdInfo><envirDesc Sync="TRUE">Microsoft Windows XP Version 5.1 (Build 2600) Service Pack 2; ESRI ArcCatalog 9.2.5.1450</envirDesc><dataLang><languageCode Sync="TRUE" value="en"></languageCode></dataLang><idCitation><resTitle Sync="TRUE">SDE.schools_temp</resTitle><presForm><PresFormCd Sync="TRUE" value="005"></PresFormCd></presForm></idCitation><spatRpType><SpatRepTypCd Sync="TRUE" value="001"></SpatRepTypCd></spatRpType></dataIdInfo><metainfo><langmeta Sync="TRUE">en</langmeta><metstdn Sync="TRUE">FGDC Content Standards for Digital Geospatial Metadata</metstdn><metstdv Sync="TRUE">FGDC-STD-001-1998</metstdv><mettc Sync="TRUE">local time</mettc><metc><cntinfo><cntorgp><cntper>REQUIRED: The person responsible for the metadata information.</cntper><cntorg>REQUIRED: The organization responsible for the metadata information.</cntorg></cntorgp><cntaddr><addrtype>REQUIRED: The mailing and/or physical address for the organization or individual.</addrtype><city>REQUIRED: The city of the address.</city><state>REQUIRED: The state or province of the address.</state><postal>REQUIRED: The ZIP or other postal code of the address.</postal></cntaddr><cntvoice>REQUIRED: The telephone number by which individuals can speak to the organization or individual.</cntvoice></cntinfo></metc><metd Sync="TRUE">20080506</metd><metextns><onlink Sync="TRUE">http://www.esri.com/metadata/esriprof80.html</onlink><metprof Sync="TRUE">ESRI Metadata Profile</metprof></metextns></metainfo><mdLang><languageCode Sync="TRUE" value="en"></languageCode></mdLang><mdStanName Sync="TRUE">ISO 19115 Geographic Information - Metadata</mdStanName><mdStanVer Sync="TRUE">DIS_ESRI1.0</mdStanVer><mdChar><CharSetCd Sync="TRUE" value="004"></CharSetCd></mdChar><mdHrLv><ScopeCd Sync="TRUE" value="005"></ScopeCd></mdHrLv><mdHrLvName Sync="TRUE">dataset</mdHrLvName><distinfo><resdesc Sync="TRUE">Downloadable Data</resdesc></distinfo><distInfo><distributor><distorTran><onLineSrc><orDesc Sync="TRUE">002</orDesc><linkage Sync="TRUE">file://</linkage><protocol Sync="TRUE">Local Area Network</protocol></onLineSrc></distorTran><distorFormat><formatName Sync="TRUE">SDE Feature Class</formatName></distorFormat></distributor></distInfo><spdoinfo><direct Sync="TRUE">Vector</direct><ptvctinf><esriterm Name="SDE.schools_temp"><efeatyp Sync="TRUE">Simple</efeatyp><efeageom Sync="TRUE">Point</efeageom><esritopo Sync="TRUE">FALSE</esritopo><efeacnt Sync="TRUE">0</efeacnt><spindex Sync="TRUE">FALSE</spindex><linrefer Sync="TRUE">FALSE</linrefer></esriterm><sdtsterm Name="SDE.schools_temp"><sdtstype Sync="TRUE">Entity point</sdtstype><ptvctcnt Sync="TRUE">0</ptvctcnt></sdtsterm></ptvctinf></spdoinfo><spref><horizsys><cordsysn><geogcsn Sync="TRUE">GCS_North_American_1983</geogcsn><projcsn Sync="TRUE">NAD_1983_StatePlane_Texas_Central_FIPS_4203_Feet</projcsn></cordsysn><planar><planci><plance Sync="TRUE">coordinate pair</plance><plandu Sync="TRUE">survey feet</plandu><coordrep><absres Sync="TRUE">0.010000</absres><ordres Sync="TRUE">0.010000</ordres></coordrep></planci><mapproj><mapprojn Sync="TRUE">Lambert Conformal Conic</mapprojn><lambertc><stdparll Sync="TRUE">30.116667</stdparll><stdparll Sync="TRUE">31.883333</stdparll><longcm Sync="TRUE">-100.333333</longcm><latprjo Sync="TRUE">29.666667</latprjo><feast Sync="TRUE">2296583.333333</feast><fnorth Sync="TRUE">9842500.000000</fnorth></lambertc></mapproj></planar><geodetic><horizdn Sync="TRUE">North American Datum of 1983</horizdn><ellips Sync="TRUE">Geodetic Reference System 80</ellips><semiaxis Sync="TRUE">6378137.000000</semiaxis><denflat Sync="TRUE">298.257222</denflat></geodetic></horizsys><vertdef><altsys><altenc Sync="TRUE">Explicit elevation coordinate included with horizontal coordinates</altenc><altres Sync="TRUE">1.000000</altres></altsys></vertdef></spref><refSysInfo><RefSystem><refSysID><identCode Sync="TRUE">NAD_1983_StatePlane_Texas_Central_FIPS_4203_Feet</identCode></refSysID></RefSystem></refSysInfo><spatRepInfo><VectSpatRep><topLvl><TopoLevCd Sync="TRUE" value="001"></TopoLevCd></topLvl><geometObjs Name="SDE.schools_temp"><geoObjTyp><GeoObjTypCd Sync="TRUE" value="004"></GeoObjTypCd></geoObjTyp><geoObjCnt Sync="TRUE">0</geoObjCnt></geometObjs></VectSpatRep></spatRepInfo><eainfo><detailed Name="SDE.schools_temp"><enttyp><enttypl Sync="TRUE">SDE.schools_temp</enttypl><enttypt Sync="TRUE">Feature Class</enttypt><enttypc Sync="TRUE">0</enttypc></enttyp><attr><attrlabl Sync="TRUE">OBJECTID_12</attrlabl><attalias Sync="TRUE">OBJECTID_12</attalias><attrtype Sync="TRUE">OID</attrtype><attwidth Sync="TRUE">4</attwidth><atprecis Sync="TRUE">10</atprecis><attscale Sync="TRUE">0</attscale><attrdef Sync="TRUE">Internal feature number.</attrdef><attrdefs Sync="TRUE">ESRI</attrdefs><attrdomv><udom Sync="TRUE">Sequential unique whole numbers that are automatically generated.</udom></attrdomv></attr><attr><attrlabl Sync="TRUE">OBJECTID_1</attrlabl><attalias Sync="TRUE">OBJECTID_1</attalias><attrtype Sync="TRUE">Double</attrtype><attwidth Sync="TRUE">8</attwidth><atprecis Sync="TRUE">10</atprecis><attscale Sync="TRUE">0</attscale></attr><attr><attrlabl Sync="TRUE">OBJECTID</attrlabl><attalias Sync="TRUE">OBJECTID</attalias><attrtype Sync="TRUE">Integer</attrtype><attwidth Sync="TRUE">4</attwidth><atprecis Sync="TRUE">9</atprecis><attscale Sync="TRUE">0</attscale></attr><attr><attrlabl Sync="TRUE">NAME</attrlabl><attalias Sync="TRUE">NAME</attalias><attrtype Sync="TRUE">String</attrtype><attwidth Sync="TRUE">27</attwidth><atprecis Sync="TRUE">0</atprecis><attscale Sync="TRUE">0</attscale></attr><attr><attrlabl Sync="TRUE">ADDRESS</attrlabl><attalias Sync="TRUE">ADDRESS</attalias><attrtype Sync="TRUE">String</attrtype><attwidth Sync="TRUE">28</attwidth><atprecis Sync="TRUE">0</atprecis><attscale Sync="TRUE">0</attscale></attr><attr><attrlabl Sync="TRUE">FACILITY</attrlabl><attalias Sync="TRUE">FACILITY</attalias><attrtype Sync="TRUE">String</attrtype><attwidth Sync="TRUE">17</attwidth><atprecis Sync="TRUE">0</atprecis><attscale Sync="TRUE">0</attscale></attr><attr><attrlabl Sync="TRUE">DISTRICT</attrlabl><attalias Sync="TRUE">DISTRICT</attalias><attrtype Sync="TRUE">String</attrtype><attwidth Sync="TRUE">16</attwidth><atprecis Sync="TRUE">0</atprecis><attscale Sync="TRUE">0</attscale></attr><attr><attrlabl Sync="TRUE">VERIFIED</attrlabl><attalias Sync="TRUE">VERIFIED</attalias><attrtype Sync="TRUE">String</attrtype><attwidth Sync="TRUE">2</attwidth><atprecis Sync="TRUE">0</atprecis><attscale Sync="TRUE">0</attscale></attr><attr><attrlabl Sync="TRUE">SHAPE</attrlabl><attalias Sync="TRUE">Shape</attalias><attrtype Sync="TRUE">Geometry</attrtype><attwidth Sync="TRUE">4</attwidth><atprecis Sync="TRUE">0</atprecis><attscale Sync="TRUE">0</attscale><attrdef Sync="TRUE">Feature geometry.</attrdef><attrdefs Sync="TRUE">ESRI</attrdefs><attrdomv><udom Sync="TRUE">Coordinates defining the features.</udom></attrdomv></attr></detailed></eainfo><mdDateSt Sync="TRUE">20080506</mdDateSt><dataqual><lineage><procstep><procdesc Sync="TRUE">Dataset copied.</procdesc><srcused Sync="TRUE">Server=ctmgissdep; Service=5153; User=VanZantA; Version=SDE.DEFAULT</srcused><procdate Sync="TRUE">20080804</procdate><proctime Sync="TRUE">12055400</proctime></procstep><procstep><procdesc Sync="TRUE">Dataset copied.</procdesc><srcused Sync="TRUE"></srcused><procdate Sync="TRUE">20081222</procdate><proctime Sync="TRUE">14222500</proctime></procstep></lineage></dataqual></metadata>
