<?xml version="1.0"?>
<!--<!DOCTYPE metadata SYSTEM "http://www.esri.com/metadata/esriprof80.dtd">-->
<metadata xml:lang="en"><Esri><CreaDate>20050920</CreaDate><CreaTime>15424600</CreaTime><SyncOnce>TRUE</SyncOnce><MetaID>{4F6CC621-5CC6-4355-8071-C1201A458C64}</MetaID><DataProperties><lineage><Process ToolSource="C:\Program Files\ArcGIS\Desktop10.0\ArcToolbox\Toolboxes\Data Management Tools.tbx\DefineProjection" Date="20120229" Time="105110">DefineProjection ngs_points PROJCS['NAD_1983_Hotine_Oblique_Mercator_Azimuth_Natural_Origin',GEOGCS['GCS_North_American_1983',DATUM['D_North_American_1983',SPHEROID['GRS_1980',6378137.0,298.257222101]],PRIMEM['Greenwich',0.0],UNIT['Degree',0.0174532925199433]],PROJECTION['Hotine_Oblique_Mercator_Azimuth_Natural_Origin'],PARAMETER['False_Easting',2546731.496],PARAMETER['False_Northing',-4354009.816],PARAMETER['Scale_Factor',0.9996],PARAMETER['Azimuth',337.25556],PARAMETER['Longitude_Of_Center',-86.0],PARAMETER['Latitude_Of_Center',45.30916666666666],UNIT['Meter',1.0]]</Process></lineage></DataProperties></Esri><idinfo><citation><citeinfo><onlink Sync="TRUE">\\ERS-516MSB-CHOW\C$\Chow\UM-Flint\Fall05\RPL370\Lab\DataModel\ngs_points</onlink></citeinfo></citation></idinfo><distInfo><distributor><distorTran><onLineSrc><linkage Sync="TRUE">file://\\ERS-516MSB-CHOW\C$\Chow\UM-Flint\Fall05\RPL370\Lab\DataModel\ngs_points</linkage><protocol Sync="TRUE">Local Area Network</protocol></onLineSrc></distorTran></distributor></distInfo><dataqual><lineage><procstep><procdesc Sync="TRUE">Dataset copied.</procdesc><srcused Sync="TRUE">C:\Chow\GIS\Genesee\ngs_points</srcused><date Sync="TRUE">20050920</date><time Sync="TRUE">15424600</time></procstep></lineage></dataqual></metadata>
