<?xml version="1.0" encoding="UTF-8"?>
<metadata xml:lang="en"><Esri><CreaDate>20120229</CreaDate><CreaTime>10545200</CreaTime><ArcGISFormat>1.0</ArcGISFormat><SyncOnce>TRUE</SyncOnce><DataProperties><itemProps><itemLocation><linkage Sync="TRUE">file://\\GEO-309959\C$\Ed\TxState\Spring12\GEO5419\Lab_working\Lab7_Raster\campus</linkage><protocol Sync="TRUE">Local Area Network</protocol></itemLocation></itemProps><copyHistory><copy source="C:\Ed\UM-Flint\Fall2008\RPL370\Lab\Digitizing\campus" dest="\\GEO-309959\C$\Ed\TxState\Spring12\GEO5419\Lab_working\Lab7_Raster\campus" date="20120229" time="10545200"></copy></copyHistory></DataProperties></Esri></metadata>
