<?xml version="1.0"?>
<!--<!DOCTYPE metadata SYSTEM "http://www.esri.com/metadata/esriprof80.dtd">-->
<metadata xml:lang="en"><Esri><CreaDate>20120307</CreaDate><CreaTime>00011800</CreaTime><SyncOnce>FALSE</SyncOnce><DataProperties><lineage><Process Name="ProjectRaster_2" ToolSource="C:\Program Files\ArcGIS\ArcToolbox\Toolboxes\Data Management Tools.tbx\ProjectRaster" Date="20051012" Time="105951">ProjectRaster 86365120 "W:\G4426NC\Lab 5\smdem" "PROJCS['NAD_1983_StatePlane_Texas_Central_FIPS_4203_Feet',GEOGCS['GCS_North_American_1983',DATUM['D_North_American_1983',SPHEROID['GRS_1980',6378137.0,298.257222101]],PRIMEM['Greenwich',0.0],UNIT['Degree',0.0174532925199433]],PROJECTION['Lambert_Conformal_Conic'],PARAMETER['False_Easting',2296583.333333333],PARAMETER['False_Northing',9842500.0],PARAMETER['Central_Meridian',-100.3333333333333],PARAMETER['Standard_Parallel_1',30.11666666666667],PARAMETER['Standard_Parallel_2',31.88333333333333],PARAMETER['Latitude_Of_Origin',29.66666666666667],UNIT['Foot_US',0.3048006096012192]];-10000 -10000 100000;0 100000;0 100000" CUBIC 99.422430</Process></lineage><itemProps><itemLocation><linkage Sync="TRUE">file://\\GEO-309959\C$\Ed\TxState\Spring12\GEO5419\Lab_working\Lab8_RasterOps\smdem</linkage><protocol Sync="TRUE">Local Area Network</protocol></itemLocation></itemProps><copyHistory><copy source="C:\Ed\TxState\Spring12\GEO5419\Lab_working\Lab3_EnvMap\smdem" dest="\\GEO-309959\C$\Ed\TxState\Spring12\GEO5419\Lab_working\Lab8_RasterOps\smdem" date="20120307" time="00011800"></copy></copyHistory></DataProperties><SyncDate>20100921</SyncDate><SyncTime>11424500</SyncTime><ModDate>20100921</ModDate><ModTime>11424500</ModTime><ArcGISFormat>1.0</ArcGISFormat></Esri><idinfo><native Sync="TRUE">Microsoft Windows Vista Version 6.1 (Build 7600) ; ESRI ArcCatalog 9.3.1.3000</native><descript><langdata Sync="TRUE">en</langdata><abstract>REQUIRED: A brief narrative summary of the data set.</abstract><purpose>REQUIRED: A summary of the intentions with which the data set was developed.</purpose></descript><citation><citeinfo><origin>REQUIRED: The name of an organization or individual that developed the data set.</origin><pubdate>REQUIRED: The date when the data set is published or otherwise made available for release.</pubdate><title Sync="TRUE">smdem</title><ftname Sync="TRUE">smdem</ftname><onlink Sync="TRUE">\\LENOVO-00506492\Users\Bernie\Documents\GEO 4426 FA10\Backup\Labs_G4426TC\Lab5_CartographicModeling\smdem</onlink><geoform Sync="TRUE">raster digital data</geoform></citeinfo></citation><timeperd><current>REQUIRED: The basis on which the time period of content information is determined.</current><timeinfo><sngdate><caldate>REQUIRED: The year (and optionally month, or month and day) for which the data set corresponds to the ground.</caldate></sngdate></timeinfo></timeperd><status><progress>REQUIRED: The state of the data set.</progress><update>REQUIRED: The frequency with which changes and additions are made to the data set after the initial data set is completed.</update></status><spdom><bounding><westbc Sync="TRUE">-98.099104</westbc><eastbc Sync="TRUE">-97.831383</eastbc><northbc Sync="TRUE">30.010883</northbc><southbc Sync="TRUE">29.835184</southbc></bounding><lboundng><leftbc Sync="TRUE">3004984.950891</leftbc><rightbc Sync="TRUE">3088499.792388</rightbc><bottombc Sync="TRUE">9912682.940245</bottombc><topbc Sync="TRUE">9974821.959216</topbc></lboundng></spdom><keywords><theme><themekt>REQUIRED: Reference to a formally registered thesaurus or a similar authoritative source of theme keywords.</themekt><themekey>REQUIRED: Common-use word or phrase used to describe the subject of the data set.</themekey></theme></keywords><accconst>REQUIRED: Restrictions and legal prerequisites for accessing the data set.</accconst><useconst>REQUIRED: Restrictions and legal prerequisites for using the data set after access is granted.</useconst><natvform Sync="TRUE">Raster Dataset</natvform></idinfo><dataIdInfo><envirDesc Sync="TRUE">Microsoft Windows Vista Version 6.1 (Build 7600) ; ESRI ArcCatalog 9.3.1.3000</envirDesc><dataLang><languageCode Sync="TRUE" value="en"></languageCode></dataLang><idCitation><resTitle Sync="TRUE">smdem</resTitle><presForm><PresFormCd Sync="TRUE" value="005"></PresFormCd></presForm></idCitation><spatRpType><SpatRepTypCd Sync="TRUE" value="002"></SpatRepTypCd></spatRpType><dataExt><geoEle><GeoBndBox esriExtentType="native"><westBL Sync="TRUE">3004984.950891</westBL><eastBL Sync="TRUE">3088499.792388</eastBL><northBL Sync="TRUE">9974821.959216</northBL><southBL Sync="TRUE">9912682.940245</southBL><exTypeCode Sync="TRUE">1</exTypeCode></GeoBndBox></geoEle></dataExt><geoBox esriExtentType="decdegrees"><westBL Sync="TRUE">-98.099104</westBL><eastBL Sync="TRUE">-97.831383</eastBL><northBL Sync="TRUE">30.010883</northBL><southBL Sync="TRUE">29.835184</southBL><exTypeCode Sync="TRUE">1</exTypeCode></geoBox></dataIdInfo><metainfo><langmeta Sync="TRUE">en</langmeta><metstdn Sync="TRUE">FGDC Content Standards for Digital Geospatial Metadata</metstdn><metstdv Sync="TRUE">FGDC-STD-001-1998</metstdv><mettc Sync="TRUE">local time</mettc><metc><cntinfo><cntorgp><cntper>REQUIRED: The person responsible for the metadata information.</cntper><cntorg>REQUIRED: The organization responsible for the metadata information.</cntorg></cntorgp><cntaddr><addrtype>REQUIRED: The mailing and/or physical address for the organization or individual.</addrtype><city>REQUIRED: The city of the address.</city><state>REQUIRED: The state or province of the address.</state><postal>REQUIRED: The ZIP or other postal code of the address.</postal></cntaddr><cntvoice>REQUIRED: The telephone number by which individuals can speak to the organization or individual.</cntvoice></cntinfo></metc><metd Sync="TRUE">20100921</metd><metextns><onlink Sync="TRUE">http://www.esri.com/metadata/esriprof80.html</onlink><metprof Sync="TRUE">ESRI Metadata Profile</metprof></metextns></metainfo><mdLang><languageCode Sync="TRUE" value="en"></languageCode></mdLang><mdStanName Sync="TRUE">ISO 19115 Geographic Information - Metadata</mdStanName><mdStanVer Sync="TRUE">DIS_ESRI1.0</mdStanVer><mdChar><CharSetCd Sync="TRUE" value="004"></CharSetCd></mdChar><mdHrLv><ScopeCd Sync="TRUE" value="005"></ScopeCd></mdHrLv><mdHrLvName Sync="TRUE">dataset</mdHrLvName><distInfo><distributor><distorTran><onLineSrc><linkage Sync="TRUE">file://\\LENOVO-00506492\Users\Bernie\Documents\GEO 4426 FA10\Backup\Labs_G4426TC\Lab5_CartographicModeling\smdem</linkage><protocol Sync="TRUE">Local Area Network</protocol><orDesc Sync="TRUE">002</orDesc></onLineSrc><transSize Sync="TRUE">2.469</transSize></distorTran><distorFormat><formatName Sync="TRUE">Raster Dataset</formatName></distorFormat></distributor></distInfo><distinfo><resdesc Sync="TRUE">Downloadable Data</resdesc><stdorder><digform><digtinfo><transize Sync="TRUE">2.469</transize><dssize Sync="TRUE">2.469</dssize></digtinfo></digform></stdorder></distinfo><spdoinfo><direct Sync="TRUE">Raster</direct><rastinfo><rasttype Sync="TRUE">Grid Cell</rasttype><rowcount Sync="TRUE">625</rowcount><colcount Sync="TRUE">840</colcount><rastxsz Sync="TRUE">99.422430</rastxsz><rastysz Sync="TRUE">99.422430</rastysz><rastbpp Sync="TRUE">32</rastbpp><vrtcount Sync="TRUE">1</vrtcount><rastorig Sync="TRUE">Upper Left</rastorig><rastcmap Sync="TRUE">FALSE</rastcmap><rastcomp Sync="TRUE">Default</rastcomp><rastband Sync="TRUE">1</rastband><rastdtyp Sync="TRUE">matrix values</rastdtyp><rastplyr Sync="TRUE">FALSE</rastplyr><rastifor Sync="TRUE">GRID</rastifor></rastinfo></spdoinfo><spref><horizsys><cordsysn><geogcsn Sync="TRUE">GCS_North_American_1983</geogcsn><projcsn Sync="TRUE">NAD_1983_StatePlane_Texas_Central_FIPS_4203_Feet</projcsn></cordsysn><planar><planci><plance Sync="TRUE">row and column</plance><plandu Sync="TRUE">survey feet</plandu><coordrep><absres Sync="TRUE">99.422430</absres><ordres Sync="TRUE">99.422430</ordres></coordrep></planci><mapproj><mapprojn Sync="TRUE">Lambert Conformal Conic</mapprojn><lambertc><stdparll Sync="TRUE">30.116667</stdparll><stdparll Sync="TRUE">31.883333</stdparll><longcm Sync="TRUE">-100.333333</longcm><latprjo Sync="TRUE">29.666667</latprjo><feast Sync="TRUE">2296583.333333</feast><fnorth Sync="TRUE">9842500.000000</fnorth></lambertc></mapproj></planar><geodetic><horizdn Sync="TRUE">North American Datum of 1983</horizdn><ellips Sync="TRUE">Geodetic Reference System 80</ellips><semiaxis Sync="TRUE">6378137.000000</semiaxis><denflat Sync="TRUE">298.257222</denflat></geodetic></horizsys></spref><refSysInfo><RefSystem><refSysID><identCode Sync="TRUE">NAD_1983_StatePlane_Texas_Central_FIPS_4203_Feet</identCode></refSysID></RefSystem></refSysInfo><spatRepInfo><GridSpatRep><numDims Sync="TRUE">2</numDims><cellGeo><CellGeoCd Sync="TRUE" value="002"></CellGeoCd></cellGeo><tranParaAv Sync="TRUE">1</tranParaAv><axDimProps><Dimen><dimName><DimNameTypCd Sync="TRUE" value="002"></DimNameTypCd></dimName><dimSize Sync="TRUE">840</dimSize><dimResol><value Sync="TRUE">99.42243</value><uom><UomLength><uomName Sync="TRUE">Foot_US</uomName><conversionToISOstandardUnit Sync="TRUE">1 Foot_US = 0.304801 Meter(s)</conversionToISOstandardUnit></UomLength></uom></dimResol></Dimen><Dimen><dimName><DimNameTypCd Sync="TRUE" value="001"></DimNameTypCd></dimName><dimSize Sync="TRUE">625</dimSize><dimResol><value Sync="TRUE">99.42243</value><uom><UomLength><uomName Sync="TRUE">Foot_US</uomName><conversionToISOstandardUnit Sync="TRUE">1 Foot_US = 0.304801 Meter(s)</conversionToISOstandardUnit></UomLength></uom></dimResol></Dimen></axDimProps></GridSpatRep></spatRepInfo><mdDateSt Sync="TRUE">20100921</mdDateSt></metadata>
