<?xml version="1.0" encoding="UTF-8"?>
<metadata xml:lang="en"><Esri><CreaDate>20181018</CreaDate><CreaTime>10465300</CreaTime><ArcGISFormat>1.0</ArcGISFormat><SyncOnce>TRUE</SyncOnce><DataProperties><lineage><Process ToolSource="c:\program files (x86)\arcgis\desktop10.4\ArcToolbox\Toolboxes\Data Management Tools.tbx\CreateFishnet" Date="20181018" Time="104653">CreateFishnet F:\UNM\Syllabus\GEOG427527_18Fall\Lab8\Lab8_VectorOp\Lab8_VectorOp\fishnet.shp "2051900 13631000" "2051900 23631000" 10000 10000 17 17 # LABELS # POLYLINE</Process></lineage></DataProperties></Esri></metadata>
