<?xml version="1.0"?>
<!--<!DOCTYPE metadata SYSTEM "http://www.esri.com/metadata/esriprof80.dtd">-->
<metadata xml:lang="en"><Esri><CreaDate>20120222</CreaDate><CreaTime>10521100</CreaTime><SyncOnce>TRUE</SyncOnce><DataProperties><lineage><Process Name="Create Feature Class" ToolSource="C:\Program Files\ArcGIS\ArcToolbox\Toolboxes\Data Management Tools.tbx\CreateFeatureclass" Date="20060914" Time="095128">CreateFeatureclass F:\Temp SAPDCrimes_2005 # SAPDCrimes_2005_Layer SAME_AS_TEMPLATE SAME_AS_TEMPLATE "PROJCS['NAD_1983_StatePlane_Texas_South_Central_FIPS_4204_Feet',GEOGCS['GCS_North_American_1983',DATUM['D_North_American_1983',SPHEROID['GRS_1980',6378137.0,298.257222101]],PRIMEM['Greenwich',0.0],UNIT['Degree',0.0174532925199433]],PROJECTION['Lambert_Conformal_Conic'],PARAMETER['False_Easting',1968500.0],PARAMETER['False_Northing',13123333.33333333],PARAMETER['Central_Meridian',-99.0],PARAMETER['Standard_Parallel_1',28.38333333333333],PARAMETER['Standard_Parallel_2',30.28333333333333],PARAMETER['Latitude_Of_Origin',27.83333333333333],UNIT['Foot_US',0.3048006096012192]];-3300869.133152 9065940.956848 244.140624772626;0 100000;0 100000" # 0 0 0 F:\Temp\SAPDCrimes_2005.shp</Process><Process Name="Append" ToolSource="C:\Program Files\ArcGIS\ArcToolbox\Toolboxes\Data Management Tools.tbx\Append" Date="20060914" Time="095233">Append SAPDCrimes_2005_Layer F:\Temp\SAPDCrimes_2005.shp TEST F:\Temp\SAPDCrimes_2005.shp</Process><Process Name="FeatureClassToFeatureClass_1" ToolSource="C:\Program Files\ArcGIS\ArcToolbox\Toolboxes\Conversion Tools.tbx\FeatureClassToFeatureClass" Date="20060914" Time="095233">FeatureClassToFeatureClass F:\Temp\TxState.mdb\SAPDCrimes_2005 F:\Temp SAPDCrimes_2005 # "CASE_ CASE_ VISIBLE;LOCATION LOCATION VISIBLE;APT APT VISIBLE;DIST DIST VISIBLE;SVCAREA SVCAREA VISIBLE;FDTTM FDTTM VISIBLE;TDTTM TDTTM VISIBLE;SPLITDTTM SPLITDTTM VISIBLE;HR HR VISIBLE;DOW DOW VISIBLE;SHIFT SHIFT VISIBLE;OFFCODE OFFCODE VISIBLE;OFFDESC OFFDESC VISIBLE;RC RC VISIBLE;ENT ENT VISIBLE;EX EX VISIBLE;WPN1 WPN1 VISIBLE;CODE1 CODE1 VISIBLE;R1 R1 VISIBLE;S1 S1 VISIBLE;DOB1 DOB1 VISIBLE;AGEF1 AGEF1 VISIBLE;AGET1 AGET1 VISIBLE;CODE2 CODE2 VISIBLE;R2 R2 VISIBLE;S2 S2 VISIBLE;DOB2 DOB2 VISIBLE;AGEF2 AGEF2 VISIBLE;AGET2 AGET2 VISIBLE;ARCCODE ARCCODE VISIBLE;ARCCODE2 ARCCODE2 VISIBLE;ARCTYPE ARCTYPE VISIBLE;XNAD83 XNAD83 VISIBLE;YNAD83 YNAD83 VISIBLE;MAPMTH MAPMTH VISIBLE;MAPYR MAPYR VISIBLE;STATUS STATUS VISIBLE;DETPIN DETPIN VISIBLE;DATEASSIGN DATEASSIGN VISIBLE;OFFICE OFFICE VISIBLE;LOCTYPE LOCTYPE VISIBLE;LOADDATETI LOADDATETI VISIBLE;STORESOURC STORESOURC VISIBLE" SAME_AS_TEMPLATE SAME_AS_TEMPLATE # 0 F:\Temp\SAPDCrimes_2005.shp</Process></lineage></DataProperties><ArcGISFormat>1.0</ArcGISFormat></Esri></metadata>
