<?xml version="1.0" encoding="UTF-8"?>
<metadata xml:lang="en"><Esri><CreaDate>20170310</CreaDate><CreaTime>10134400</CreaTime><ArcGISFormat>1.0</ArcGISFormat><SyncOnce>FALSE</SyncOnce><DataProperties><itemProps><itemName Sync="TRUE">SJ_output</itemName><imsContentType Sync="TRUE">002</imsContentType><itemSize Sync="TRUE">0.000</itemSize><itemLocation><linkage Sync="TRUE">file://\\GES-D-B7FKH02\F$\UNM\Syllabus\GEOG427527\Lab7\Lab7_VectorOp\Lab7_VectorOp\SJ_output.shp</linkage><protocol Sync="TRUE">Local Area Network</protocol></itemLocation></itemProps><coordRef><type Sync="TRUE">Projected</type><geogcsn Sync="TRUE">GCS_North_American_1983</geogcsn><csUnits Sync="TRUE">Linear Unit: Foot_US (0.304801)</csUnits><projcsn Sync="TRUE">NAD_1983_StatePlane_Texas_South_Central_FIPS_4204_Feet</projcsn><peXml Sync="TRUE">&lt;ProjectedCoordinateSystem xsi:type='typens:ProjectedCoordinateSystem' xmlns:xsi='http://www.w3.org/2001/XMLSchema-instance' xmlns:xs='http://www.w3.org/2001/XMLSchema' xmlns:typens='http://www.esri.com/schemas/ArcGIS/10.4'&gt;&lt;WKT&gt;PROJCS[&amp;quot;NAD_1983_StatePlane_Texas_South_Central_FIPS_4204_Feet&amp;quot;,GEOGCS[&amp;quot;GCS_North_American_1983&amp;quot;,DATUM[&amp;quot;D_North_American_1983&amp;quot;,SPHEROID[&amp;quot;GRS_1980&amp;quot;,6378137.0,298.257222101]],PRIMEM[&amp;quot;Greenwich&amp;quot;,0.0],UNIT[&amp;quot;Degree&amp;quot;,0.0174532925199433]],PROJECTION[&amp;quot;Lambert_Conformal_Conic&amp;quot;],PARAMETER[&amp;quot;False_Easting&amp;quot;,1968500.0],PARAMETER[&amp;quot;False_Northing&amp;quot;,13123333.33333333],PARAMETER[&amp;quot;Central_Meridian&amp;quot;,-99.0],PARAMETER[&amp;quot;Standard_Parallel_1&amp;quot;,28.38333333333333],PARAMETER[&amp;quot;Standard_Parallel_2&amp;quot;,30.28333333333334],PARAMETER[&amp;quot;Latitude_Of_Origin&amp;quot;,27.83333333333333],UNIT[&amp;quot;Foot_US&amp;quot;,0.3048006096012192],AUTHORITY[&amp;quot;EPSG&amp;quot;,2278]]&lt;/WKT&gt;&lt;XOrigin&gt;-126725700&lt;/XOrigin&gt;&lt;YOrigin&gt;-77828800&lt;/YOrigin&gt;&lt;XYScale&gt;34994581.165044695&lt;/XYScale&gt;&lt;ZOrigin&gt;-100000&lt;/ZOrigin&gt;&lt;ZScale&gt;10000&lt;/ZScale&gt;&lt;MOrigin&gt;-100000&lt;/MOrigin&gt;&lt;MScale&gt;10000&lt;/MScale&gt;&lt;XYTolerance&gt;0.0032808333333333331&lt;/XYTolerance&gt;&lt;ZTolerance&gt;0.001&lt;/ZTolerance&gt;&lt;MTolerance&gt;0.001&lt;/MTolerance&gt;&lt;HighPrecision&gt;true&lt;/HighPrecision&gt;&lt;WKID&gt;102740&lt;/WKID&gt;&lt;LatestWKID&gt;2278&lt;/LatestWKID&gt;&lt;/ProjectedCoordinateSystem&gt;</peXml></coordRef><lineage><Process ToolSource="c:\program files (x86)\arcgis\desktop10.4\ArcToolbox\Toolboxes\Analysis Tools.tbx\SpatialJoin" Date="20170310" Time="101346">SpatialJoin tractLyr crimeLyr F:\UNM\Syllabus\GEOG427527\Lab7\Lab7_VectorOp\Lab7_VectorOp\SJ_output.shp JOIN_ONE_TO_ONE KEEP_ALL "AREA "AREA" true true false 38 Double 9 37 ,First,#,tractLyr,AREA,-1,-1;PERIMETER "PERIMETER" true true false 38 Double 9 37 ,First,#,tractLyr,PERIMETER,-1,-1;CENSUS_ "CENSUS_" true true false 10 Long 0 10 ,First,#,tractLyr,CENSUS_,-1,-1;CENSUS_ID "CENSUS_ID" true true false 10 Long 0 10 ,First,#,tractLyr,CENSUS_ID,-1,-1;ID "ID" true true false 38 Double 9 37 ,First,#,tractLyr,ID,-1,-1;TRACT "TRACT" true true false 11 Text 0 0 ,First,#,tractLyr,TRACT,-1,-1;COUNTY "COUNTY" true true false 5 Text 0 0 ,First,#,tractLyr,COUNTY,-1,-1;NAME "NAME" true true false 7 Text 0 0 ,First,#,tractLyr,NAME,-1,-1;POPULATION "POPULATION" true true false 10 Long 0 10 ,First,#,tractLyr,POPULATION,-1,-1;CASE_ "CASE_" true true false 10 Text 0 0 ,First,#,crimeLyr,CASE_,-1,-1;LOCATION "LOCATION" true true false 30 Text 0 0 ,First,#,crimeLyr,LOCATION,-1,-1;APT "APT" true true false 10 Text 0 0 ,First,#,crimeLyr,APT,-1,-1;DIST "DIST" true true false 6 Text 0 0 ,First,#,crimeLyr,DIST,-1,-1;SVCAREA "SVCAREA" true true false 7 Text 0 0 ,First,#,crimeLyr,SVCAREA,-1,-1;FDTTM "FDTTM" true true false 23 Text 0 0 ,First,#,crimeLyr,FDTTM,-1,-1;TDTTM "TDTTM" true true false 23 Text 0 0 ,First,#,crimeLyr,TDTTM,-1,-1;SPLITDTTM "SPLITDTTM" true true false 23 Text 0 0 ,First,#,crimeLyr,SPLITDTTM,-1,-1;HR "HR" true true false 3 Text 0 0 ,First,#,crimeLyr,HR,-1,-1;DOW "DOW" true true false 3 Text 0 0 ,First,#,crimeLyr,DOW,-1,-1;SHIFT "SHIFT" true true false 1 Text 0 0 ,First,#,crimeLyr,SHIFT,-1,-1;OFFCODE "OFFCODE" true true false 10 Text 0 0 ,First,#,crimeLyr,OFFCODE,-1,-1;OFFDESC "OFFDESC" true true false 50 Text 0 0 ,First,#,crimeLyr,OFFDESC,-1,-1;RC "RC" true true false 10 Text 0 0 ,First,#,crimeLyr,RC,-1,-1;ENT "ENT" true true false 10 Text 0 0 ,First,#,crimeLyr,ENT,-1,-1;EX "EX" true true false 10 Text 0 0 ,First,#,crimeLyr,EX,-1,-1;WPN1 "WPN1" true true false 10 Text 0 0 ,First,#,crimeLyr,WPN1,-1,-1;CODE1 "CODE1" true true false 10 Text 0 0 ,First,#,crimeLyr,CODE1,-1,-1;R1 "R1" true true false 1 Text 0 0 ,First,#,crimeLyr,R1,-1,-1;S1 "S1" true true false 1 Text 0 0 ,First,#,crimeLyr,S1,-1,-1;DOB1 "DOB1" true true false 23 Text 0 0 ,First,#,crimeLyr,DOB1,-1,-1;AGEF1 "AGEF1" true true false 3 Text 0 0 ,First,#,crimeLyr,AGEF1,-1,-1;AGET1 "AGET1" true true false 3 Text 0 0 ,First,#,crimeLyr,AGET1,-1,-1;CODE2 "CODE2" true true false 10 Text 0 0 ,First,#,crimeLyr,CODE2,-1,-1;R2 "R2" true true false 1 Text 0 0 ,First,#,crimeLyr,R2,-1,-1;S2 "S2" true true false 1 Text 0 0 ,First,#,crimeLyr,S2,-1,-1;DOB2 "DOB2" true true false 23 Text 0 0 ,First,#,crimeLyr,DOB2,-1,-1;AGEF2 "AGEF2" true true false 3 Text 0 0 ,First,#,crimeLyr,AGEF2,-1,-1;AGET2 "AGET2" true true false 3 Text 0 0 ,First,#,crimeLyr,AGET2,-1,-1;ARCCODE "ARCCODE" true true false 10 Text 0 0 ,First,#,crimeLyr,ARCCODE,-1,-1;ARCCODE2 "ARCCODE2" true true false 10 Text 0 0 ,First,#,crimeLyr,ARCCODE2,-1,-1;ARCTYPE "ARCTYPE" true true false 10 Text 0 0 ,First,#,crimeLyr,ARCTYPE,-1,-1;XNAD83 "XNAD83" true true false 19 Double 0 0 ,First,#,crimeLyr,XNAD83,-1,-1;YNAD83 "YNAD83" true true false 19 Double 0 0 ,First,#,crimeLyr,YNAD83,-1,-1;MAPMTH "MAPMTH" true true false 2 Text 0 0 ,First,#,crimeLyr,MAPMTH,-1,-1;MAPYR "MAPYR" true true false 4 Text 0 0 ,First,#,crimeLyr,MAPYR,-1,-1;STATUS "STATUS" true true false 20 Text 0 0 ,First,#,crimeLyr,STATUS,-1,-1;DETPIN "DETPIN" true true false 12 Text 0 0 ,First,#,crimeLyr,DETPIN,-1,-1;DATEASSIGN "DATEASSIGN" true true false 23 Text 0 0 ,First,#,crimeLyr,DATEASSIGN,-1,-1;OFFICE "OFFICE" true true false 3 Text 0 0 ,First,#,crimeLyr,OFFICE,-1,-1;LOCTYPE "LOCTYPE" true true false 25 Text 0 0 ,First,#,crimeLyr,LOCTYPE,-1,-1;LOADDATETI "LOADDATETI" true true false 23 Text 0 0 ,First,#,crimeLyr,LOADDATETI,-1,-1;STORESOURC "STORESOURC" true true false 10 Text 0 0 ,First,#,crimeLyr,STORESOURC,-1,-1;Month "Month" true true false 50 Text 0 0 ,First,#,crimeLyr,Month,-1,-1;Crime "Crime" true true false 50 Text 0 0 ,First,#,crimeLyr,Crime,-1,-1" CONTAINS # #</Process></lineage></DataProperties><SyncDate>20170310</SyncDate><SyncTime>10134400</SyncTime><ModDate>20170310</ModDate><ModTime>10134400</ModTime></Esri><dataIdInfo><envirDesc Sync="TRUE"> Version 6.2 (Build 9200) ; Esri ArcGIS 10.4.0.5524</envirDesc><dataLang><languageCode value="eng" Sync="TRUE"></languageCode><countryCode value="USA" Sync="TRUE"></countryCode></dataLang><idCitation><resTitle Sync="TRUE">SJ_output</resTitle><presForm><PresFormCd value="005" Sync="TRUE"></PresFormCd></presForm></idCitation><spatRpType><SpatRepTypCd value="001" Sync="TRUE"></SpatRepTypCd></spatRpType></dataIdInfo><mdLang><languageCode value="eng" Sync="TRUE"></languageCode><countryCode value="USA" Sync="TRUE"></countryCode></mdLang><mdChar><CharSetCd value="004" Sync="TRUE"></CharSetCd></mdChar><distInfo><distFormat><formatName Sync="TRUE">Shapefile</formatName></distFormat><distTranOps><transSize Sync="TRUE">0.000</transSize></distTranOps></distInfo><mdHrLv><ScopeCd value="005" Sync="TRUE"></ScopeCd></mdHrLv><mdHrLvName Sync="TRUE">dataset</mdHrLvName><refSysInfo><RefSystem><refSysID><identCode code="2278" Sync="TRUE"></identCode><idCodeSpace Sync="TRUE">EPSG</idCodeSpace><idVersion Sync="TRUE">6.11(9.0.0)</idVersion></refSysID></RefSystem></refSysInfo><spatRepInfo><VectSpatRep><geometObjs Name="SJ_output"><geoObjTyp><GeoObjTypCd value="002" Sync="TRUE"></GeoObjTypCd></geoObjTyp><geoObjCnt Sync="TRUE">0</geoObjCnt></geometObjs><topLvl><TopoLevCd value="001" Sync="TRUE"></TopoLevCd></topLvl></VectSpatRep></spatRepInfo><spdoinfo><ptvctinf><esriterm Name="SJ_output"><efeatyp Sync="TRUE">Simple</efeatyp><efeageom code="4" Sync="TRUE"></efeageom><esritopo Sync="TRUE">FALSE</esritopo><efeacnt Sync="TRUE">0</efeacnt><spindex Sync="TRUE">FALSE</spindex><linrefer Sync="TRUE">FALSE</linrefer></esriterm></ptvctinf></spdoinfo><eainfo><detailed Name="SJ_output"><enttyp><enttypl Sync="TRUE">SJ_output</enttypl><enttypt Sync="TRUE">Feature Class</enttypt><enttypc Sync="TRUE">0</enttypc></enttyp><attr><attrlabl Sync="TRUE">FID</attrlabl><attalias Sync="TRUE">FID</attalias><attrtype Sync="TRUE">OID</attrtype><attwidth Sync="TRUE">4</attwidth><atprecis Sync="TRUE">0</atprecis><attscale Sync="TRUE">0</attscale><attrdef Sync="TRUE">Internal feature number.</attrdef><attrdefs Sync="TRUE">Esri</attrdefs><attrdomv><udom Sync="TRUE">Sequential unique whole numbers that are automatically generated.</udom></attrdomv></attr><attr><attrlabl Sync="TRUE">Shape</attrlabl><attalias Sync="TRUE">Shape</attalias><attrtype Sync="TRUE">Geometry</attrtype><attwidth Sync="TRUE">0</attwidth><atprecis Sync="TRUE">0</atprecis><attscale Sync="TRUE">0</attscale><attrdef Sync="TRUE">Feature geometry.</attrdef><attrdefs Sync="TRUE">Esri</attrdefs><attrdomv><udom Sync="TRUE">Coordinates defining the features.</udom></attrdomv></attr><attr><attrlabl Sync="TRUE">Join_Count</attrlabl><attalias Sync="TRUE">Join_Count</attalias><attrtype Sync="TRUE">Integer</attrtype><attwidth Sync="TRUE">10</attwidth><atprecis Sync="TRUE">10</atprecis><attscale Sync="TRUE">0</attscale></attr><attr><attrlabl Sync="TRUE">TARGET_FID</attrlabl><attalias Sync="TRUE">TARGET_FID</attalias><attrtype Sync="TRUE">Integer</attrtype><attwidth Sync="TRUE">10</attwidth><atprecis Sync="TRUE">10</atprecis><attscale Sync="TRUE">0</attscale></attr><attr><attrlabl Sync="TRUE">AREA</attrlabl><attalias Sync="TRUE">AREA</attalias><attrtype Sync="TRUE">Double</attrtype><attwidth Sync="TRUE">19</attwidth><atprecis Sync="TRUE">0</atprecis><attscale Sync="TRUE">0</attscale></attr><attr><attrlabl Sync="TRUE">PERIMETER</attrlabl><attalias Sync="TRUE">PERIMETER</attalias><attrtype Sync="TRUE">Double</attrtype><attwidth Sync="TRUE">19</attwidth><atprecis Sync="TRUE">0</atprecis><attscale Sync="TRUE">0</attscale></attr><attr><attrlabl Sync="TRUE">CENSUS_</attrlabl><attalias Sync="TRUE">CENSUS_</attalias><attrtype Sync="TRUE">Integer</attrtype><attwidth Sync="TRUE">10</attwidth><atprecis Sync="TRUE">10</atprecis><attscale Sync="TRUE">0</attscale></attr><attr><attrlabl Sync="TRUE">CENSUS_ID</attrlabl><attalias Sync="TRUE">CENSUS_ID</attalias><attrtype Sync="TRUE">Integer</attrtype><attwidth Sync="TRUE">10</attwidth><atprecis Sync="TRUE">10</atprecis><attscale Sync="TRUE">0</attscale></attr><attr><attrlabl Sync="TRUE">ID</attrlabl><attalias Sync="TRUE">ID</attalias><attrtype Sync="TRUE">Double</attrtype><attwidth Sync="TRUE">19</attwidth><atprecis Sync="TRUE">0</atprecis><attscale Sync="TRUE">0</attscale></attr><attr><attrlabl Sync="TRUE">TRACT</attrlabl><attalias Sync="TRUE">TRACT</attalias><attrtype Sync="TRUE">String</attrtype><attwidth Sync="TRUE">11</attwidth><atprecis Sync="TRUE">0</atprecis><attscale Sync="TRUE">0</attscale></attr><attr><attrlabl Sync="TRUE">COUNTY</attrlabl><attalias Sync="TRUE">COUNTY</attalias><attrtype Sync="TRUE">String</attrtype><attwidth Sync="TRUE">5</attwidth><atprecis Sync="TRUE">0</atprecis><attscale Sync="TRUE">0</attscale></attr><attr><attrlabl Sync="TRUE">NAME</attrlabl><attalias Sync="TRUE">NAME</attalias><attrtype Sync="TRUE">String</attrtype><attwidth Sync="TRUE">7</attwidth><atprecis Sync="TRUE">0</atprecis><attscale Sync="TRUE">0</attscale></attr><attr><attrlabl Sync="TRUE">POPULATION</attrlabl><attalias Sync="TRUE">POPULATION</attalias><attrtype Sync="TRUE">Integer</attrtype><attwidth Sync="TRUE">10</attwidth><atprecis Sync="TRUE">10</atprecis><attscale Sync="TRUE">0</attscale></attr><attr><attrlabl Sync="TRUE">CASE_</attrlabl><attalias Sync="TRUE">CASE_</attalias><attrtype Sync="TRUE">String</attrtype><attwidth Sync="TRUE">10</attwidth><atprecis Sync="TRUE">0</atprecis><attscale Sync="TRUE">0</attscale></attr><attr><attrlabl Sync="TRUE">LOCATION</attrlabl><attalias Sync="TRUE">LOCATION</attalias><attrtype Sync="TRUE">String</attrtype><attwidth Sync="TRUE">30</attwidth><atprecis Sync="TRUE">0</atprecis><attscale Sync="TRUE">0</attscale></attr><attr><attrlabl Sync="TRUE">APT</attrlabl><attalias Sync="TRUE">APT</attalias><attrtype Sync="TRUE">String</attrtype><attwidth Sync="TRUE">10</attwidth><atprecis Sync="TRUE">0</atprecis><attscale Sync="TRUE">0</attscale></attr><attr><attrlabl Sync="TRUE">DIST</attrlabl><attalias Sync="TRUE">DIST</attalias><attrtype Sync="TRUE">String</attrtype><attwidth Sync="TRUE">6</attwidth><atprecis Sync="TRUE">0</atprecis><attscale Sync="TRUE">0</attscale></attr><attr><attrlabl Sync="TRUE">SVCAREA</attrlabl><attalias Sync="TRUE">SVCAREA</attalias><attrtype Sync="TRUE">String</attrtype><attwidth Sync="TRUE">7</attwidth><atprecis Sync="TRUE">0</atprecis><attscale Sync="TRUE">0</attscale></attr><attr><attrlabl Sync="TRUE">FDTTM</attrlabl><attalias Sync="TRUE">FDTTM</attalias><attrtype Sync="TRUE">String</attrtype><attwidth Sync="TRUE">23</attwidth><atprecis Sync="TRUE">0</atprecis><attscale Sync="TRUE">0</attscale></attr><attr><attrlabl Sync="TRUE">TDTTM</attrlabl><attalias Sync="TRUE">TDTTM</attalias><attrtype Sync="TRUE">String</attrtype><attwidth Sync="TRUE">23</attwidth><atprecis Sync="TRUE">0</atprecis><attscale Sync="TRUE">0</attscale></attr><attr><attrlabl Sync="TRUE">SPLITDTTM</attrlabl><attalias Sync="TRUE">SPLITDTTM</attalias><attrtype Sync="TRUE">String</attrtype><attwidth Sync="TRUE">23</attwidth><atprecis Sync="TRUE">0</atprecis><attscale Sync="TRUE">0</attscale></attr><attr><attrlabl Sync="TRUE">HR</attrlabl><attalias Sync="TRUE">HR</attalias><attrtype Sync="TRUE">String</attrtype><attwidth Sync="TRUE">3</attwidth><atprecis Sync="TRUE">0</atprecis><attscale Sync="TRUE">0</attscale></attr><attr><attrlabl Sync="TRUE">DOW</attrlabl><attalias Sync="TRUE">DOW</attalias><attrtype Sync="TRUE">String</attrtype><attwidth Sync="TRUE">3</attwidth><atprecis Sync="TRUE">0</atprecis><attscale Sync="TRUE">0</attscale></attr><attr><attrlabl Sync="TRUE">SHIFT</attrlabl><attalias Sync="TRUE">SHIFT</attalias><attrtype Sync="TRUE">String</attrtype><attwidth Sync="TRUE">1</attwidth><atprecis Sync="TRUE">0</atprecis><attscale Sync="TRUE">0</attscale></attr><attr><attrlabl Sync="TRUE">OFFCODE</attrlabl><attalias Sync="TRUE">OFFCODE</attalias><attrtype Sync="TRUE">String</attrtype><attwidth Sync="TRUE">10</attwidth><atprecis Sync="TRUE">0</atprecis><attscale Sync="TRUE">0</attscale></attr><attr><attrlabl Sync="TRUE">OFFDESC</attrlabl><attalias Sync="TRUE">OFFDESC</attalias><attrtype Sync="TRUE">String</attrtype><attwidth Sync="TRUE">50</attwidth><atprecis Sync="TRUE">0</atprecis><attscale Sync="TRUE">0</attscale></attr><attr><attrlabl Sync="TRUE">RC</attrlabl><attalias Sync="TRUE">RC</attalias><attrtype Sync="TRUE">String</attrtype><attwidth Sync="TRUE">10</attwidth><atprecis Sync="TRUE">0</atprecis><attscale Sync="TRUE">0</attscale></attr><attr><attrlabl Sync="TRUE">ENT</attrlabl><attalias Sync="TRUE">ENT</attalias><attrtype Sync="TRUE">String</attrtype><attwidth Sync="TRUE">10</attwidth><atprecis Sync="TRUE">0</atprecis><attscale Sync="TRUE">0</attscale></attr><attr><attrlabl Sync="TRUE">EX</attrlabl><attalias Sync="TRUE">EX</attalias><attrtype Sync="TRUE">String</attrtype><attwidth Sync="TRUE">10</attwidth><atprecis Sync="TRUE">0</atprecis><attscale Sync="TRUE">0</attscale></attr><attr><attrlabl Sync="TRUE">WPN1</attrlabl><attalias Sync="TRUE">WPN1</attalias><attrtype Sync="TRUE">String</attrtype><attwidth Sync="TRUE">10</attwidth><atprecis Sync="TRUE">0</atprecis><attscale Sync="TRUE">0</attscale></attr><attr><attrlabl Sync="TRUE">CODE1</attrlabl><attalias Sync="TRUE">CODE1</attalias><attrtype Sync="TRUE">String</attrtype><attwidth Sync="TRUE">10</attwidth><atprecis Sync="TRUE">0</atprecis><attscale Sync="TRUE">0</attscale></attr><attr><attrlabl Sync="TRUE">R1</attrlabl><attalias Sync="TRUE">R1</attalias><attrtype Sync="TRUE">String</attrtype><attwidth Sync="TRUE">1</attwidth><atprecis Sync="TRUE">0</atprecis><attscale Sync="TRUE">0</attscale></attr><attr><attrlabl Sync="TRUE">S1</attrlabl><attalias Sync="TRUE">S1</attalias><attrtype Sync="TRUE">String</attrtype><attwidth Sync="TRUE">1</attwidth><atprecis Sync="TRUE">0</atprecis><attscale Sync="TRUE">0</attscale></attr><attr><attrlabl Sync="TRUE">DOB1</attrlabl><attalias Sync="TRUE">DOB1</attalias><attrtype Sync="TRUE">String</attrtype><attwidth Sync="TRUE">23</attwidth><atprecis Sync="TRUE">0</atprecis><attscale Sync="TRUE">0</attscale></attr><attr><attrlabl Sync="TRUE">AGEF1</attrlabl><attalias Sync="TRUE">AGEF1</attalias><attrtype Sync="TRUE">String</attrtype><attwidth Sync="TRUE">3</attwidth><atprecis Sync="TRUE">0</atprecis><attscale Sync="TRUE">0</attscale></attr><attr><attrlabl Sync="TRUE">AGET1</attrlabl><attalias Sync="TRUE">AGET1</attalias><attrtype Sync="TRUE">String</attrtype><attwidth Sync="TRUE">3</attwidth><atprecis Sync="TRUE">0</atprecis><attscale Sync="TRUE">0</attscale></attr><attr><attrlabl Sync="TRUE">CODE2</attrlabl><attalias Sync="TRUE">CODE2</attalias><attrtype Sync="TRUE">String</attrtype><attwidth Sync="TRUE">10</attwidth><atprecis Sync="TRUE">0</atprecis><attscale Sync="TRUE">0</attscale></attr><attr><attrlabl Sync="TRUE">R2</attrlabl><attalias Sync="TRUE">R2</attalias><attrtype Sync="TRUE">String</attrtype><attwidth Sync="TRUE">1</attwidth><atprecis Sync="TRUE">0</atprecis><attscale Sync="TRUE">0</attscale></attr><attr><attrlabl Sync="TRUE">S2</attrlabl><attalias Sync="TRUE">S2</attalias><attrtype Sync="TRUE">String</attrtype><attwidth Sync="TRUE">1</attwidth><atprecis Sync="TRUE">0</atprecis><attscale Sync="TRUE">0</attscale></attr><attr><attrlabl Sync="TRUE">DOB2</attrlabl><attalias Sync="TRUE">DOB2</attalias><attrtype Sync="TRUE">String</attrtype><attwidth Sync="TRUE">23</attwidth><atprecis Sync="TRUE">0</atprecis><attscale Sync="TRUE">0</attscale></attr><attr><attrlabl Sync="TRUE">AGEF2</attrlabl><attalias Sync="TRUE">AGEF2</attalias><attrtype Sync="TRUE">String</attrtype><attwidth Sync="TRUE">3</attwidth><atprecis Sync="TRUE">0</atprecis><attscale Sync="TRUE">0</attscale></attr><attr><attrlabl Sync="TRUE">AGET2</attrlabl><attalias Sync="TRUE">AGET2</attalias><attrtype Sync="TRUE">String</attrtype><attwidth Sync="TRUE">3</attwidth><atprecis Sync="TRUE">0</atprecis><attscale Sync="TRUE">0</attscale></attr><attr><attrlabl Sync="TRUE">ARCCODE</attrlabl><attalias Sync="TRUE">ARCCODE</attalias><attrtype Sync="TRUE">String</attrtype><attwidth Sync="TRUE">10</attwidth><atprecis Sync="TRUE">0</atprecis><attscale Sync="TRUE">0</attscale></attr><attr><attrlabl Sync="TRUE">ARCCODE2</attrlabl><attalias Sync="TRUE">ARCCODE2</attalias><attrtype Sync="TRUE">String</attrtype><attwidth Sync="TRUE">10</attwidth><atprecis Sync="TRUE">0</atprecis><attscale Sync="TRUE">0</attscale></attr><attr><attrlabl Sync="TRUE">ARCTYPE</attrlabl><attalias Sync="TRUE">ARCTYPE</attalias><attrtype Sync="TRUE">String</attrtype><attwidth Sync="TRUE">10</attwidth><atprecis Sync="TRUE">0</atprecis><attscale Sync="TRUE">0</attscale></attr><attr><attrlabl Sync="TRUE">XNAD83</attrlabl><attalias Sync="TRUE">XNAD83</attalias><attrtype Sync="TRUE">Double</attrtype><attwidth Sync="TRUE">19</attwidth><atprecis Sync="TRUE">0</atprecis><attscale Sync="TRUE">0</attscale></attr><attr><attrlabl Sync="TRUE">YNAD83</attrlabl><attalias Sync="TRUE">YNAD83</attalias><attrtype Sync="TRUE">Double</attrtype><attwidth Sync="TRUE">19</attwidth><atprecis Sync="TRUE">0</atprecis><attscale Sync="TRUE">0</attscale></attr><attr><attrlabl Sync="TRUE">MAPMTH</attrlabl><attalias Sync="TRUE">MAPMTH</attalias><attrtype Sync="TRUE">String</attrtype><attwidth Sync="TRUE">2</attwidth><atprecis Sync="TRUE">0</atprecis><attscale Sync="TRUE">0</attscale></attr><attr><attrlabl Sync="TRUE">MAPYR</attrlabl><attalias Sync="TRUE">MAPYR</attalias><attrtype Sync="TRUE">String</attrtype><attwidth Sync="TRUE">4</attwidth><atprecis Sync="TRUE">0</atprecis><attscale Sync="TRUE">0</attscale></attr><attr><attrlabl Sync="TRUE">STATUS</attrlabl><attalias Sync="TRUE">STATUS</attalias><attrtype Sync="TRUE">String</attrtype><attwidth Sync="TRUE">20</attwidth><atprecis Sync="TRUE">0</atprecis><attscale Sync="TRUE">0</attscale></attr><attr><attrlabl Sync="TRUE">DETPIN</attrlabl><attalias Sync="TRUE">DETPIN</attalias><attrtype Sync="TRUE">String</attrtype><attwidth Sync="TRUE">12</attwidth><atprecis Sync="TRUE">0</atprecis><attscale Sync="TRUE">0</attscale></attr><attr><attrlabl Sync="TRUE">DATEASSIGN</attrlabl><attalias Sync="TRUE">DATEASSIGN</attalias><attrtype Sync="TRUE">String</attrtype><attwidth Sync="TRUE">23</attwidth><atprecis Sync="TRUE">0</atprecis><attscale Sync="TRUE">0</attscale></attr><attr><attrlabl Sync="TRUE">OFFICE</attrlabl><attalias Sync="TRUE">OFFICE</attalias><attrtype Sync="TRUE">String</attrtype><attwidth Sync="TRUE">3</attwidth><atprecis Sync="TRUE">0</atprecis><attscale Sync="TRUE">0</attscale></attr><attr><attrlabl Sync="TRUE">LOCTYPE</attrlabl><attalias Sync="TRUE">LOCTYPE</attalias><attrtype Sync="TRUE">String</attrtype><attwidth Sync="TRUE">25</attwidth><atprecis Sync="TRUE">0</atprecis><attscale Sync="TRUE">0</attscale></attr><attr><attrlabl Sync="TRUE">LOADDATETI</attrlabl><attalias Sync="TRUE">LOADDATETI</attalias><attrtype Sync="TRUE">String</attrtype><attwidth Sync="TRUE">23</attwidth><atprecis Sync="TRUE">0</atprecis><attscale Sync="TRUE">0</attscale></attr><attr><attrlabl Sync="TRUE">STORESOURC</attrlabl><attalias Sync="TRUE">STORESOURC</attalias><attrtype Sync="TRUE">String</attrtype><attwidth Sync="TRUE">10</attwidth><atprecis Sync="TRUE">0</atprecis><attscale Sync="TRUE">0</attscale></attr><attr><attrlabl Sync="TRUE">Month</attrlabl><attalias Sync="TRUE">Month</attalias><attrtype Sync="TRUE">String</attrtype><attwidth Sync="TRUE">50</attwidth><atprecis Sync="TRUE">0</atprecis><attscale Sync="TRUE">0</attscale></attr><attr><attrlabl Sync="TRUE">Crime</attrlabl><attalias Sync="TRUE">Crime</attalias><attrtype Sync="TRUE">String</attrtype><attwidth Sync="TRUE">50</attwidth><atprecis Sync="TRUE">0</atprecis><attscale Sync="TRUE">0</attscale></attr></detailed></eainfo><mdDateSt Sync="TRUE">20170310</mdDateSt></metadata>
